{
"type": "FeatureCollection",
"name": "areepedonali",
"crs": { "type": "name", "properties": { "name": "urn:ogc:def:crs:OGC:1.3:CRS84" } },
"features": [
{ "type": "Feature", "properties": { "id_amat": 1, "tipo": "AP", "nome": "Corso Concordia", "gruppo_id": "0", "ordinanza": "54785/2004 (Istituzione area pedonale urbana)", "deroghe": "velocipedi, veicoli diretti alle proprietà private", "val_inizio": null, "val_fine": "2050-01-01 00:00:00+01", "delibera": "425/2004", "tratto": "lato civici dispari da piazza Tricolore a via Kramer", "note": null, "cartello": "AP", "dissuasori": null, "name": "Municipio 3", "ANNO": 2004, "area": 2402.967 }, "geometry": { "type": "MultiPolygon", "coordinates": [ [ [ [ 9.207154776088512, 45.468125074973806 ], [ 9.207144708489505, 45.468240486234656 ], [ 9.207188691564207, 45.468234375913653 ], [ 9.207656099426682, 45.468158640076176 ], [ 9.208144987587524, 45.468080342964072 ], [ 9.208550774879715, 45.4680850946311 ], [ 9.208555744936877, 45.467940979291008 ], [ 9.207351056808323, 45.467928407243292 ], [ 9.207328313521353, 45.46793573928268 ], [ 9.20719164359531, 45.467992243217893 ], [ 9.207170363359596, 45.468014874305005 ], [ 9.207154776088512, 45.468125074973806 ] ] ] ] } },
{ "type": "Feature", "properties": { "id_amat": 7, "tipo": "AP", "nome": "Erculea - Rugabella", "gruppo_id": "0", "ordinanza": "47205/1999 (Istituzione area pedonale urbana)", "deroghe": "veicoli diretti all'interno delle proprietà private, velocipedi", "val_inizio": null, "val_fine": "2050-01-01 00:00:00+01", "delibera": null, "tratto": null, "note": null, "cartello": "AP", "dissuasori": null, "name": "Municipio 1", "ANNO": 1999, "area": 2066.228 }, "geometry": { "type": "MultiPolygon", "coordinates": [ [ [ [ 9.190155450177993, 45.459445828683741 ], [ 9.190273404191492, 45.4593778548508 ], [ 9.189796819896836, 45.459143089356168 ], [ 9.190111522788257, 45.458818889868141 ], [ 9.190135070876417, 45.458785006865298 ], [ 9.189876016678735, 45.458654381998592 ], [ 9.189782189165511, 45.458746258161881 ], [ 9.189432648966761, 45.459094817206754 ], [ 9.190155450177993, 45.459445828683741 ] ] ] ] } },
{ "type": "Feature", "properties": { "id_amat": 9, "tipo": "AP", "nome": "Bergamini", "gruppo_id": "0", "ordinanza": "38491/1993 (area pedonale)", "deroghe": "velocipedi, residenti", "val_inizio": null, "val_fine": "2050-01-01 00:00:00+01", "delibera": null, "tratto": "tutta", "note": "accesso da via Larga", "cartello": "AP", "dissuasori": null, "name": "Municipio 1", "ANNO": 1993, "area": 1133.84 }, "geometry": { "type": "MultiPolygon", "coordinates": [ [ [ [ 9.194388965386141, 45.461178073900655 ], [ 9.194344211039157, 45.46125645886184 ], [ 9.194343828246669, 45.461256729542804 ], [ 9.194343573051668, 45.461256909996784 ], [ 9.194343189950466, 45.461257090668006 ], [ 9.194342678325647, 45.461257091536964 ], [ 9.194342294915737, 45.461257182198459 ], [ 9.194341782982216, 45.461257093057654 ], [ 9.194179911171712, 45.461535409601801 ], [ 9.194179911171712, 45.461535409601801 ], [ 9.194179911171712, 45.461535409601801 ], [ 9.194179911171712, 45.461535409601801 ], [ 9.194162745527832, 45.461565142119866 ], [ 9.194162745527832, 45.461565142119866 ], [ 9.194162745527832, 45.461565142119866 ], [ 9.194162745527832, 45.461565142119866 ], [ 9.194162745527832, 45.461565142119866 ], [ 9.194162745527832, 45.461565142119866 ], [ 9.194162745527832, 45.461565142119866 ], [ 9.194162745527832, 45.461565142119866 ], [ 9.194162745527832, 45.461565142119866 ], [ 9.194162745527832, 45.461565142119866 ], [ 9.194162745527832, 45.461565142119866 ], [ 9.194162745527832, 45.461565142119866 ], [ 9.194162745527832, 45.461565142119866 ], [ 9.194163258080708, 45.461565411280951 ], [ 9.194163643035109, 45.46156577066882 ], [ 9.194163899774184, 45.461566040263961 ], [ 9.194163901933148, 45.461566670332189 ], [ 9.194132367586038, 45.461621180050422 ], [ 9.194132240604128, 45.461621450296661 ], [ 9.194131857808154, 45.4616217209769 ], [ 9.194131602610833, 45.461621901430391 ], [ 9.194131091291082, 45.461621992308167 ], [ 9.194130579971331, 45.461622083185944 ], [ 9.194129812220769, 45.461621994478215 ], [ 9.194116965764245, 45.461643078675287 ], [ 9.194117606533041, 45.46164343762932 ], [ 9.194117863272252, 45.461643707224553 ], [ 9.194117992412737, 45.461644067046556 ], [ 9.19411812124487, 45.461644336858811 ], [ 9.194117994571194, 45.461644697114778 ], [ 9.194087986082222, 45.461696593933659 ], [ 9.194087475686626, 45.461696954840448 ], [ 9.194086964674424, 45.461697135727768 ], [ 9.194086709476627, 45.461697316181166 ], [ 9.194086197847822, 45.461697317048994 ], [ 9.194085558003511, 45.461697228124024 ], [ 9.194065851378827, 45.461732005511571 ], [ 9.194045509816728, 45.461768134126224 ], [ 9.194032413337023, 45.461790928932302 ], [ 9.194011561335234, 45.461827418447193 ], [ 9.193959814166206, 45.461918416542112 ], [ 9.193815897091229, 45.461987338233797 ], [ 9.193794309291942, 45.461995745752105 ], [ 9.19377399287003, 45.462001900856713 ], [ 9.193766070891103, 45.462004344549065 ], [ 9.193826652296773, 45.462289664481411 ], [ 9.193836401547792, 45.462335283167349 ], [ 9.193886092596012, 45.462241318280448 ], [ 9.193900457541845, 45.46221537098441 ], [ 9.19408503916079, 45.461881840060023 ], [ 9.194139049880123, 45.461779586784047 ], [ 9.194157349495841, 45.461744811771595 ], [ 9.194176672346959, 45.461710035019614 ], [ 9.194252321398325, 45.461576961453005 ], [ 9.19431336022088, 45.461472895952248 ], [ 9.194346778642695, 45.461408391842397 ], [ 9.194381244014734, 45.461350816734551 ], [ 9.194393835420266, 45.46133000297079 ], [ 9.194453711412782, 45.461259963249923 ], [ 9.194459953796944, 45.461252661809169 ], [ 9.194472333822533, 45.461244809875211 ], [ 9.194535765372862, 45.461204557468562 ], [ 9.194388965386141, 45.461178073900655 ] ] ] ] } },
{ "type": "Feature", "properties": { "id_amat": 12, "tipo": "AP", "nome": "San Calimero", "gruppo_id": "0", "ordinanza": "44890/1998 (Istituzione area pedonale urbana)", "deroghe": "velocipedi,veicoli diretti alle proprietà private, veicoli adibiti a funzioni religiose", "val_inizio": "1998-03-09 00:00:00+01", "val_fine": "2050-01-01 00:00:00+01", "delibera": null, "tratto": null, "note": null, "cartello": "AP", "dissuasori": null, "name": "Municipio 1", "ANNO": 1998, "area": 1375.226 }, "geometry": { "type": "MultiPolygon", "coordinates": [ [ [ [ 9.192538983876251, 45.45630237267919 ], [ 9.192582324234047, 45.456410492187366 ], [ 9.192582581247978, 45.456410851796214 ], [ 9.192596992997437, 45.45643657050023 ], [ 9.192603284950666, 45.456443940758476 ], [ 9.192587560247373, 45.456445857442759 ], [ 9.192613656623918, 45.456560396692709 ], [ 9.19277738666265, 45.456755083380145 ], [ 9.192816041076982, 45.456801373578962 ], [ 9.192924576287902, 45.45693719626707 ], [ 9.192988488704163, 45.457039250229457 ], [ 9.193065883880319, 45.457156943205192 ], [ 9.193177138780428, 45.457339836462197 ], [ 9.193171267467131, 45.457343356777308 ], [ 9.193250235604424, 45.457321980997868 ], [ 9.193246629619214, 45.457314696250577 ], [ 9.193208748265917, 45.45723276080254 ], [ 9.193031269517059, 45.456945117260716 ], [ 9.192931814172123, 45.456771565030465 ], [ 9.192852402131408, 45.456624712002601 ], [ 9.192843964075072, 45.456625626327202 ], [ 9.192808922478175, 45.456626225440203 ], [ 9.192803231693576, 45.456494819919925 ], [ 9.192832776154901, 45.456494950155509 ], [ 9.192850552091, 45.456494470145991 ], [ 9.192833948910067, 45.456388555944734 ], [ 9.192829731430608, 45.456389463155595 ], [ 9.192826323470509, 45.456365166103687 ], [ 9.192813152719143, 45.456365908380626 ], [ 9.192811579700292, 45.456354659737244 ], [ 9.192809492345743, 45.456342601867306 ], [ 9.192812283274709, 45.45629831207107 ], [ 9.192811841715006, 45.456281300858393 ], [ 9.192733707990969, 45.456284402831621 ], [ 9.192538983876251, 45.45630237267919 ] ] ] ] } },
{ "type": "Feature", "properties": { "id_amat": 13, "tipo": "AP", "nome": "Via Palazzo Reale", "gruppo_id": "0", "ordinanza": "40908/1995 (Istituzione area pedonale urbana)", "deroghe": "velocipedi, veicoli diretti alle proprietà private", "val_inizio": "1995-07-17 00:00:00+02", "val_fine": "2050-01-01 00:00:00+01", "delibera": null, "tratto": "tra Largo Schuster e Piazza del Duomo", "note": null, "cartello": "AP", "dissuasori": null, "name": "Municipio 1", "ANNO": 1995, "area": 659.692 }, "geometry": { "type": "MultiPolygon", "coordinates": [ [ [ [ 9.192047342691662, 45.46362130588836 ], [ 9.192050029139674, 45.463621391389786 ], [ 9.192151604355187, 45.463625181315201 ], [ 9.192163628653866, 45.463625341143249 ], [ 9.192184150579747, 45.463038439902107 ], [ 9.192282834013989, 45.462831160536595 ], [ 9.19218395853277, 45.462830966603136 ], [ 9.1921521083709, 45.462868554366096 ], [ 9.192107523978189, 45.462885191111745 ], [ 9.192107702545524, 45.462900132513234 ], [ 9.192154810641521, 45.462911034665609 ], [ 9.192097824789396, 45.463118063903643 ], [ 9.192047342691662, 45.46362130588836 ] ] ] ] } },
{ "type": "Feature", "properties": { "id_amat": 14, "tipo": "AP", "nome": "Corso Vittorio Emanuele II", "gruppo_id": "0", "ordinanza": "42429/1996 (Istituzione area pedonale urbana)", "deroghe": "carico e scarico merci (dalle 2:00 alle 7:30) da via agnello a via San Paolo, velocipedi", "val_inizio": "1996-04-12 00:00:00+02", "val_fine": "2050-01-01 00:00:00+01", "delibera": null, "tratto": "tutto", "note": null, "cartello": "AP", "dissuasori": null, "name": "Municipio 1", "ANNO": 1996, "area": 12362.474 }, "geometry": { "type": "MultiPolygon", "coordinates": [ [ [ [ 9.195982017599032, 45.465644994974504 ], [ 9.196222049126492, 45.465736033968781 ], [ 9.196288526884775, 45.465761662866171 ], [ 9.196123867913981, 45.465974819341525 ], [ 9.196202763201446, 45.466003127309172 ], [ 9.196218939444156, 45.465983117306038 ], [ 9.196451773850708, 45.466063906991366 ], [ 9.196435759914174, 45.466093817870409 ], [ 9.196502488404851, 45.466117826027691 ], [ 9.196494592191769, 45.466127830719842 ], [ 9.196530520276641, 45.466086094294297 ], [ 9.196661278440391, 45.465909359629542 ], [ 9.196797175970381, 45.465960341782164 ], [ 9.196825360511902, 45.46597262470106 ], [ 9.196892235396881, 45.466001942981151 ], [ 9.197018028224537, 45.466053032267624 ], [ 9.1970667359457, 45.466081481622837 ], [ 9.197103153647888, 45.466107071802199 ], [ 9.197113951300636, 45.466122174914979 ], [ 9.197166818070533, 45.466757555791695 ], [ 9.197373923649057, 45.466758728902676 ], [ 9.197511931210997, 45.466753720221071 ], [ 9.197590973758622, 45.46671370923913 ], [ 9.19762024525015, 45.466670723827313 ], [ 9.197590733307603, 45.466021261231141 ], [ 9.197562339824277, 45.466022480391921 ], [ 9.197270857193324, 45.466034504604075 ], [ 9.197256828372069, 45.466009865995112 ], [ 9.197228469426248, 45.465984261973794 ], [ 9.197183756890171, 45.465964356771245 ], [ 9.197118804095492, 45.465936025462625 ], [ 9.19704167893099, 45.465901864416011 ], [ 9.197001207805904, 45.465887712490634 ], [ 9.196948436679424, 45.465867821069878 ], [ 9.196887587139649, 45.465842272882803 ], [ 9.196844670357672, 45.465823714610124 ], [ 9.196834934317604, 45.465819590889637 ], [ 9.196679799325963, 45.465754150206578 ], [ 9.196640214751234, 45.465737386333124 ], [ 9.196297814155509, 45.465599358534448 ], [ 9.196112247005729, 45.465537029628884 ], [ 9.196111061179241, 45.465527040528286 ], [ 9.196136760892852, 45.465486761915592 ], [ 9.195973118920303, 45.465439156872193 ], [ 9.195993953230667, 45.465397536470761 ], [ 9.196005651397828, 45.465377264135391 ], [ 9.196016095626325, 45.465364284773862 ], [ 9.196026536735753, 45.465350405314602 ], [ 9.19604220306209, 45.465330936269012 ], [ 9.196061774326015, 45.465293998549363 ], [ 9.196074719515417, 45.465264453018037 ], [ 9.196077341876641, 45.465245996430987 ], [ 9.196078431123187, 45.465228082532271 ], [ 9.196097507929929, 45.465233090412049 ], [ 9.196117990249311, 45.465237645828545 ], [ 9.196140337080262, 45.465226536268453 ], [ 9.196174298446369, 45.465171031757045 ], [ 9.196298762847086, 45.465208622588669 ], [ 9.196299018989199, 45.465208712159438 ], [ 9.196300161181339, 45.465206099903789 ], [ 9.196330322045617, 45.465161313081119 ], [ 9.195685756472033, 45.46497672615569 ], [ 9.1956862637781, 45.464975465145073 ], [ 9.195623380633803, 45.464953250136475 ], [ 9.195621362592604, 45.464961534526466 ], [ 9.195523971769447, 45.465133170445903 ], [ 9.195509962312624, 45.465150926396035 ], [ 9.195481224329255, 45.465200481112582 ], [ 9.195470819446824, 45.465224891655275 ], [ 9.195436901757398, 45.465293267342531 ], [ 9.195351251610511, 45.465271721140816 ], [ 9.195347538653701, 45.465270737367412 ], [ 9.195330162904012, 45.465313881921467 ], [ 9.194931207598689, 45.465206730038119 ], [ 9.194915331258741, 45.465202436593472 ], [ 9.194612015888891, 45.465120143475438 ], [ 9.194616200907678, 45.465109605162532 ], [ 9.19454757546262, 45.46509135977815 ], [ 9.194483680438784, 45.465072386230702 ], [ 9.194377774131492, 45.46503737219291 ], [ 9.194312854055479, 45.465017860229757 ], [ 9.194079203438799, 45.464958039934821 ], [ 9.194065760692794, 45.464954642346363 ], [ 9.19406537664079, 45.4649545529875 ], [ 9.194005180358317, 45.464932332531035 ], [ 9.193442985571966, 45.464780356975339 ], [ 9.193440936179341, 45.464779550347956 ], [ 9.193390982674579, 45.464760012557505 ], [ 9.193319284116166, 45.464740601495066 ], [ 9.192967449406277, 45.464645244473083 ], [ 9.192967321185849, 45.464645154679097 ], [ 9.19296733590034, 45.464649475144881 ], [ 9.192905934416032, 45.464761461378735 ], [ 9.192884322305387, 45.464800652256706 ], [ 9.192885348377027, 45.464801460619043 ], [ 9.193050967530233, 45.464829984589215 ], [ 9.19325259740487, 45.464877979723944 ], [ 9.1932630106656, 45.464893263873577 ], [ 9.193238347530123, 45.464937950593914 ], [ 9.193230338337058, 45.464952455764063 ], [ 9.193228673912794, 45.464952008523667 ], [ 9.193228419311538, 45.46495236899446 ], [ 9.193190447472931, 45.464995457993417 ], [ 9.193061580588624, 45.465129160640174 ], [ 9.193177974429791, 45.465201422420748 ], [ 9.193368405035502, 45.465003438341213 ], [ 9.19337820254774, 45.464988210057541 ], [ 9.193386835612593, 45.464969113301699 ], [ 9.193407274392939, 45.464923533587658 ], [ 9.19341698268253, 45.464919646738579 ], [ 9.193419159072576, 45.464920183121052 ], [ 9.19388517717878, 45.465039018015609 ], [ 9.193887097440284, 45.465039464812925 ], [ 9.193884556701956, 45.465044599700256 ], [ 9.193884684616728, 45.46504459948352 ], [ 9.193864743054208, 45.465085857949376 ], [ 9.193801236055117, 45.465217650469867 ], [ 9.19394910470743, 45.46525439412752 ], [ 9.193950374616215, 45.465251691668691 ], [ 9.194033308645615, 45.465077921365186 ], [ 9.194033564783565, 45.465078010941085 ], [ 9.194304734449473, 45.465149288930562 ], [ 9.195548680966388, 45.465510000972102 ], [ 9.195721279079883, 45.465558221375296 ], [ 9.195592022099618, 45.46583693396888 ], [ 9.195717858285109, 45.465863991890615 ], [ 9.195844837732112, 45.465592663891051 ], [ 9.19584560616153, 45.465592932606455 ], [ 9.195889403849288, 45.465607439287865 ], [ 9.195982017599032, 45.465644994974504 ], [ 9.195982017599032, 45.465644994974504 ] ] ] ] } },
{ "type": "Feature", "properties": { "id_amat": 15, "tipo": "AP", "nome": "Piazza San Giorgio", "gruppo_id": "0", "ordinanza": "42500/1996 (Istituzione area pedonale urbana)", "deroghe": "velocipedi, veicoli diretti alle proprietà private, funzioni religiose", "val_inizio": "1996-05-13 00:00:00+02", "val_fine": "2050-01-01 00:00:00+01", "delibera": null, "tratto": "tutta", "note": null, "cartello": "AP", "dissuasori": null, "name": "Municipio 1", "ANNO": 1996, "area": 648.911 }, "geometry": { "type": "MultiPolygon", "coordinates": [ [ [ [ 9.183507773123386, 45.461167147732681 ], [ 9.183575080190582, 45.461254799798326 ], [ 9.183689956138199, 45.4611412025139 ], [ 9.183701989516189, 45.461144333557236 ], [ 9.183764602310045, 45.461046481868813 ], [ 9.183820579563044, 45.460953501358432 ], [ 9.183875438485002, 45.460870693777665 ], [ 9.183880920894344, 45.460865284351584 ], [ 9.183552993533953, 45.460833137078133 ], [ 9.183540088641575, 45.460916327275179 ], [ 9.183555643048972, 45.46094033507147 ], [ 9.183577883842194, 45.460975223383194 ], [ 9.183584575174285, 45.460987634067195 ], [ 9.183606695971978, 45.461024952843026 ], [ 9.183643211823762, 45.46104424645911 ], [ 9.183580485981434, 45.461107264285573 ], [ 9.183507773123386, 45.461167147732681 ] ] ] ] } },
{ "type": "Feature", "properties": { "id_amat": 16, "tipo": "AP", "nome": "Dante", "gruppo_id": "0", "ordinanza": "41939/1995 (Istituzione area pedonale urbana)", "deroghe": "carico e scarico merci (dalle 7:00 alle 10:00), velocipedi", "val_inizio": "1996-01-12 00:00:00+01", "val_fine": "2050-01-01 00:00:00+01", "delibera": null, "tratto": "compreso tra Piazza Cairoli e San Prospero", "note": "Accesso da Cairoli", "cartello": "AP", "dissuasori": null, "name": "Municipio 1", "ANNO": 1995, "area": 6553.714 }, "geometry": { "type": "MultiPolygon", "coordinates": [ [ [ [ 9.182485562118959, 45.467885885189119 ], [ 9.182503899512161, 45.467899717512424 ], [ 9.182655692629226, 45.468003167047826 ], [ 9.182715564645669, 45.468044206115877 ], [ 9.182723755404298, 45.468045363170077 ], [ 9.182787633174636, 45.46801951825033 ], [ 9.18290108806792, 45.467976132095835 ], [ 9.183019417464964, 45.467936968510557 ], [ 9.182893280732646, 45.467855980998742 ], [ 9.183824441298025, 45.467151599571324 ], [ 9.183923844655558, 45.467075651279231 ], [ 9.184018015918898, 45.467003671761248 ], [ 9.184479170869027, 45.466651169468129 ], [ 9.184589801127789, 45.466566561512359 ], [ 9.184774694459014, 45.466425127141449 ], [ 9.184990722068815, 45.46626014948081 ], [ 9.185213005475598, 45.466091830904595 ], [ 9.185218259202315, 45.466094612717434 ], [ 9.185251076539727, 45.466077007607709 ], [ 9.185281874850165, 45.466067866716145 ], [ 9.18535494040203, 45.46603624482254 ], [ 9.185115928364821, 45.4660173695287 ], [ 9.184874361082505, 45.465999397964787 ], [ 9.184837639801232, 45.465996666967364 ], [ 9.184831288581547, 45.466010358776018 ], [ 9.184866965347691, 45.466085009611255 ], [ 9.184427643645796, 45.466422806659033 ], [ 9.18382941854005, 45.466872019947921 ], [ 9.183753752911413, 45.466930828111714 ], [ 9.18373461349681, 45.46694580053336 ], [ 9.183331913309432, 45.467259411783445 ], [ 9.182696391477206, 45.4677315413998 ], [ 9.182580748937658, 45.467651706918076 ], [ 9.182555247465869, 45.46763770601477 ], [ 9.182481123157807, 45.46773890565963 ], [ 9.182419365498186, 45.467827214087976 ], [ 9.182418773129394, 45.467841886689925 ], [ 9.182441077498829, 45.467856162750664 ], [ 9.182485562118959, 45.467885885189119 ] ] ] ] } },
{ "type": "Feature", "properties": { "id_amat": 17, "tipo": "AP", "nome": "Piazza Paolo VI", "gruppo_id": "0", "ordinanza": "68044/2012", "deroghe": "veicoli diretti all'interno delle proprietà private o adibiti a servizi religiosi", "val_inizio": "2012-08-06 00:00:00+02", "val_fine": "2050-01-01 00:00:00+01", "delibera": null, "tratto": "compreso tra Cavalieri San Sepolcro e S. Simpliciano", "note": null, "cartello": "AP", "dissuasori": null, "name": "Municipio 1", "ANNO": 2012, "area": 1488.856 }, "geometry": { "type": "MultiPolygon", "coordinates": [ [ [ [ 9.184383795816498, 45.473663832640071 ], [ 9.184801084148747, 45.473770541549918 ], [ 9.184849669067933, 45.473682793265489 ], [ 9.185078994817472, 45.473742189293382 ], [ 9.18511469938988, 45.473667153147701 ], [ 9.185071297592941, 45.473657412249203 ], [ 9.185131281339215, 45.473534541476795 ], [ 9.184510627274632, 45.473403589093522 ], [ 9.184383795816498, 45.473663832640071 ] ] ] ] } },
{ "type": "Feature", "properties": { "id_amat": 18, "tipo": "AP", "nome": "Via dei Chiostri", "gruppo_id": "0", "ordinanza": "41885/1995 (Istituzione area pedonale urbana)", "deroghe": "velocipedi, veicoli diretti alle proprietà private", "val_inizio": "1995-12-27 00:00:00+01", "val_fine": "2050-01-01 00:00:00+01", "delibera": "836/1996", "tratto": "tutta", "note": null, "cartello": "AP", "dissuasori": null, "name": "Municipio 1", "ANNO": 1995, "area": 728.918 }, "geometry": { "type": "MultiPolygon", "coordinates": [ [ [ [ 9.186456584569969, 45.473853815726763 ], [ 9.186463936044746, 45.473832921410747 ], [ 9.18637307337529, 45.473785364090311 ], [ 9.186057091336547, 45.474569865985607 ], [ 9.186155412441497, 45.474589778328792 ], [ 9.186456584569969, 45.473853815726763 ] ] ] ] } },
{ "type": "Feature", "properties": { "id_amat": 19, "tipo": "AP", "nome": "Grassi - Visconti", "gruppo_id": "0", "ordinanza": "50863/2002,56597/2005 (istituzione area pedonale urbana)", "deroghe": "velocipedi, veicoli diretti alle proprietà private", "val_inizio": null, "val_fine": "2050-01-01 00:00:00+01", "delibera": "2193/2004", "tratto": "Largo Paolo Grassi - Via Luchino Visconti", "note": null, "cartello": "AP", "dissuasori": null, "name": "Municipio 1", "ANNO": 2005, "area": 1753.726 }, "geometry": { "type": "MultiPolygon", "coordinates": [ [ [ [ 9.183504989292725, 45.473420417807127 ], [ 9.183514046271123, 45.473372787950161 ], [ 9.183110680773412, 45.473297195543417 ], [ 9.183156959347727, 45.473128532595183 ], [ 9.182600570535055, 45.473047692579314 ], [ 9.182564859234946, 45.473161252274657 ], [ 9.182552190365731, 45.473160192363736 ], [ 9.182504225365133, 45.473322197009267 ], [ 9.182530842800777, 45.473324404809254 ], [ 9.182490873532032, 45.473545983363877 ], [ 9.18263650518252, 45.473558982519144 ], [ 9.18268061812142, 45.473273670160467 ], [ 9.183159262283086, 45.47336597551174 ], [ 9.183141387469901, 45.473416679795449 ], [ 9.183322656193814, 45.473451763518511 ], [ 9.183348196683914, 45.47339789657245 ], [ 9.183504989292725, 45.473420417807127 ] ] ] ] } },
{ "type": "Feature", "properties": { "id_amat": 20, "tipo": "AP", "nome": "Via Rovello", "gruppo_id": "0", "ordinanza": "43010/1996 (Istituzione area pedonale urbana)", "deroghe": "velocipedi, veicoli diretti alle proprietà private", "val_inizio": "1996-08-07 00:00:00+02", "val_fine": "2050-01-01 00:00:00+01", "delibera": null, "tratto": "compreso tra via San Tomaso e via Dante", "note": "accesso da via Dante", "cartello": "AP", "dissuasori": null, "name": "Municipio 1", "ANNO": 1996, "area": 627.271 }, "geometry": { "type": "MultiPolygon", "coordinates": [ [ [ [ 9.184627910517118, 45.467152196310025 ], [ 9.184658873582977, 45.466997148817271 ], [ 9.18466900827787, 45.466888310150438 ], [ 9.184774694459014, 45.466425127141449 ], [ 9.184589801127789, 45.466566561512359 ], [ 9.184563135107801, 45.466587756917384 ], [ 9.184618260237416, 45.466624572175178 ], [ 9.184601711668568, 45.46672793056787 ], [ 9.184532187367152, 45.467140289343455 ], [ 9.184627910517118, 45.467152196310025 ] ] ] ] } },
{ "type": "Feature", "properties": { "id_amat": 21, "tipo": "AP", "nome": "Via della Spiga tratto A", "gruppo_id": "0", "ordinanza": "43802/1997 (Istituzione area pedonale urbana)", "deroghe": "velocipedi, carico e scarico merci (lun-sab dalle 8:00 alle 20:00), veicoli diretti alle proprietà private", "val_inizio": "1997-03-18 00:00:00+01", "val_fine": "2050-01-01 00:00:00+01", "delibera": null, "tratto": "Da Corso Venezia a Via S. Andrea", "note": null, "cartello": "AP", "dissuasori": null, "name": "Municipio 1", "ANNO": 1997, "area": 780.511 }, "geometry": { "type": "MultiPolygon", "coordinates": [ [ [ [ 9.198833390726453, 45.46848160708192 ], [ 9.198791141867851, 45.468435415268843 ], [ 9.198733516437869, 45.468454777545567 ], [ 9.198729737180754, 45.468471435989365 ], [ 9.198505832174545, 45.468642753948536 ], [ 9.198266870204742, 45.468898437070081 ], [ 9.197897200210022, 45.46923688512716 ], [ 9.197696348125138, 45.46941734263784 ], [ 9.197747099600864, 45.469443987952197 ], [ 9.197893991206792, 45.469307008582696 ], [ 9.198100097854208, 45.469129601968852 ], [ 9.198296846513271, 45.46894699060681 ], [ 9.198619839228568, 45.468650476997844 ], [ 9.198757797030394, 45.468520622808462 ], [ 9.198833390726453, 45.46848160708192 ] ] ] ] } },
{ "type": "Feature", "properties": { "id_amat": 22, "tipo": "AP", "nome": "Vicolo Manzoni - Piazza San Marco", "gruppo_id": "0", "ordinanza": "68504 (ist. pista ciclabile e percorso pedonale)", "deroghe": null, "val_inizio": null, "val_fine": "2050-01-01 00:00:00+01", "delibera": null, "tratto": null, "note": null, "cartello": "PCP", "dissuasori": "dissuasore mobile", "name": "Municipio 1", "ANNO": null, "area": 676.922 }, "geometry": { "type": "MultiPolygon", "coordinates": [ [ [ [ 9.187509421261186, 45.472633988925978 ], [ 9.187509037167272, 45.472633899545244 ], [ 9.187506519643886, 45.47264632506343 ], [ 9.187499719167155, 45.472678919860293 ], [ 9.187550268435288, 45.472683697568421 ], [ 9.187751226301611, 45.472753485892696 ], [ 9.187751410971529, 45.472809201836668 ], [ 9.187739403318187, 45.472891850800671 ], [ 9.187738027979719, 45.472901484136706 ], [ 9.187804971640348, 45.472911905469786 ], [ 9.188048030756782, 45.472907635871842 ], [ 9.188046540728582, 45.472882705525436 ], [ 9.188106368925322, 45.472830761381637 ], [ 9.188118711113647, 45.472810488822013 ], [ 9.187775004256073, 45.472670997632051 ], [ 9.187779558489282, 45.472655508422683 ], [ 9.187602034182937, 45.47263086679979 ], [ 9.187600687146261, 45.472649051047142 ], [ 9.187509421261186, 45.472633988925978 ] ] ] ] } },
{ "type": "Feature", "properties": { "id_amat": 23, "tipo": "AP", "nome": "Tommaseo", "gruppo_id": "0", "ordinanza": "43609/1997 (Istituzione area pedonale urbana)", "deroghe": "veicoli diretti alle proprieta' private,velocipedi", "val_inizio": "1997-02-06 00:00:00+01", "val_fine": "2050-01-01 00:00:00+01", "delibera": null, "tratto": "tutta la piazza eccetto la carreggiata di via Mascheroni,, via Pontebba da via Tamburini a piazza Tommaseo", "note": null, "cartello": "AP", "dissuasori": null, "name": "Municipio 1", "ANNO": 1997, "area": 4672.839 }, "geometry": { "type": "MultiPolygon", "coordinates": [ [ [ [ 9.166800082815397, 45.468990392628854 ], [ 9.16624533422409, 45.469403176162729 ], [ 9.167025931232432, 45.469922748379091 ], [ 9.167202858448045, 45.469794315620888 ], [ 9.167057378565312, 45.469698127191116 ], [ 9.167418201362187, 45.469419198612414 ], [ 9.167446679131809, 45.469402415067265 ], [ 9.167351582405905, 45.469342787414817 ], [ 9.166800082815397, 45.468990392628854 ] ] ] ] } },
{ "type": "Feature", "properties": { "id_amat": 26, "tipo": "AP", "nome": "Passarella", "gruppo_id": "0", "ordinanza": "49346/2001 (Istituzione area pedonale urbana)", "deroghe": "velocipedi, veicoli diretti alle proprietà private", "val_inizio": "1997-02-12 00:00:00+01", "val_fine": "2050-01-01 00:00:00+01", "delibera": null, "tratto": "Da Corso Vittorio Emaniuele a Galleria del Corso", "note": null, "cartello": "AP", "dissuasori": null, "name": "Municipio 1", "ANNO": 2001, "area": 664.097 }, "geometry": { "type": "MultiPolygon", "coordinates": [ [ [ [ 9.194523197753169, 45.465032624553018 ], [ 9.194558028889588, 45.465043726601067 ], [ 9.194535424476753, 45.465091650467514 ], [ 9.194619923116866, 45.465113289250397 ], [ 9.194635422059493, 45.465082209364049 ], [ 9.194637834507223, 45.465076984668052 ], [ 9.194642789789937, 45.465067255135786 ], [ 9.194647997499004, 45.4650565350615 ], [ 9.194670093545623, 45.465009602149728 ], [ 9.194710601065067, 45.464923033409633 ], [ 9.194784714221338, 45.464863230496839 ], [ 9.194746147306123, 45.464770045556548 ], [ 9.194693386055166, 45.464752493339063 ], [ 9.194667133046773, 45.464743626993851 ], [ 9.194648157030166, 45.464767872024609 ], [ 9.1945647501582, 45.464728769422329 ], [ 9.1945647501582, 45.464728769422329 ], [ 9.194385495144747, 45.464640684045868 ], [ 9.194385495144747, 45.464640684045868 ], [ 9.194317064094554, 45.46471622884124 ], [ 9.194549742304613, 45.464828346242506 ], [ 9.19457267667179, 45.464839288492826 ], [ 9.194587812668429, 45.464888768373584 ], [ 9.194523197753169, 45.465032624553018 ], [ 9.194523197753169, 45.465032624553018 ] ] ] ] } },
{ "type": "Feature", "properties": { "id_amat": 29, "tipo": "AP", "nome": "Santo Stefano - Brolo", "gruppo_id": "0", "ordinanza": "55439/2004 (Istituzione area pedonale urbana)", "deroghe": "funzioni religiose, proprietari di box o posto auto, altri veicoli autorizzati", "val_inizio": null, "val_fine": "2050-01-01 00:00:00+01", "delibera": null, "tratto": "tutta", "note": null, "cartello": "AP", "dissuasori": null, "name": "Municipio 1", "ANNO": 2004, "area": 1407.254 }, "geometry": { "type": "MultiPolygon", "coordinates": [ [ [ [ 9.195048306659013, 45.462027458916339 ], [ 9.195056151492581, 45.462039776949652 ], [ 9.195064623475094, 45.462048493502749 ], [ 9.195090252487871, 45.462062221378801 ], [ 9.195114768447356, 45.462198455111967 ], [ 9.195134246914359, 45.462357560032864 ], [ 9.19513400287604, 45.462360980838817 ], [ 9.195117379394929, 45.46236235934051 ], [ 9.195118044974208, 45.462369919067157 ], [ 9.195284729882642, 45.462375395367339 ], [ 9.195291255732776, 45.462487446998487 ], [ 9.195279660375425, 45.462500338254621 ], [ 9.19526985729029, 45.462513676502219 ], [ 9.195268086884171, 45.46277938978956 ], [ 9.195343053414517, 45.462782592211262 ], [ 9.195375893032253, 45.462439057016446 ], [ 9.195386383111448, 45.462439489155678 ], [ 9.195391814006525, 45.462382323369056 ], [ 9.195450534985337, 45.462385373439965 ], [ 9.195449988879002, 45.462338299008245 ], [ 9.195447419839597, 45.462335153037451 ], [ 9.19547160896728, 45.462005584154475 ], [ 9.195392320664, 45.462009950058849 ], [ 9.195048306659013, 45.462027458916339 ] ] ] ] } },
{ "type": "Feature", "properties": { "id_amat": 30, "tipo": "AP", "nome": "Via della Spiga tratto C", "gruppo_id": "0", "ordinanza": "43802/1997 (Istituzione area pedonale urbana)", "deroghe": "velocipedi, carico e scarico merci (lun-sab dalle 8:00 alle 20:00), veicoli diretti alle proprietà private", "val_inizio": "1997-03-18 00:00:00+01", "val_fine": "2050-01-01 00:00:00+01", "delibera": null, "tratto": "Da Via Borgospesso a Via Manzoni", "note": null, "cartello": "AP", "dissuasori": null, "name": "Municipio 1", "ANNO": 2007, "area": 445.587 }, "geometry": { "type": "MultiPolygon", "coordinates": [ [ [ [ 9.194793854011113, 45.471837022312265 ], [ 9.194886747358597, 45.471878718835214 ], [ 9.195006418060759, 45.47178328425732 ], [ 9.195095962961785, 45.471707073074761 ], [ 9.195141754883707, 45.471667840591792 ], [ 9.195243020231295, 45.471577477716032 ], [ 9.195524624917205, 45.47132676874967 ], [ 9.195549107421204, 45.471303594312296 ], [ 9.195499525615533, 45.471282436648707 ], [ 9.195316087789077, 45.471434686988474 ], [ 9.195277703353925, 45.471470216486857 ], [ 9.195254884368673, 45.471493568046967 ], [ 9.195124540548523, 45.471609903436907 ], [ 9.195096107729118, 45.47163767503308 ], [ 9.195048519514113, 45.471675380388056 ], [ 9.194928968677626, 45.471768384534776 ], [ 9.194903160581129, 45.471778239599203 ], [ 9.194881188518146, 45.471787548063915 ], [ 9.194865999836505, 45.471797745073538 ], [ 9.194851566963916, 45.471804520409947 ], [ 9.194813920777081, 45.471831677553034 ], [ 9.194793854011113, 45.471837022312265 ] ] ] ] } },
{ "type": "Feature", "properties": { "id_amat": 31, "tipo": "AP", "nome": "Via Bernardino Buttinone", "gruppo_id": "0", "ordinanza": "Area pedonale", "deroghe": "cicli, moto", "val_inizio": null, "val_fine": "2050-01-01 00:00:00+01", "delibera": null, "tratto": null, "note": null, "cartello": null, "dissuasori": null, "name": "Municipio 1", "ANNO": 2015, "area": 218.005 }, "geometry": { "type": "MultiPolygon", "coordinates": [ [ [ [ 9.175675362735515, 45.465692912513461 ], [ 9.175797115612877, 45.465767614045781 ], [ 9.175881377861607, 45.465632649297596 ], [ 9.175777574217387, 45.465529837102373 ], [ 9.175675362735515, 45.465692912513461 ] ] ] ] } },
{ "type": "Feature", "properties": { "id_amat": 32, "tipo": "AP", "nome": "Sant'Eustorgio", "gruppo_id": "0", "ordinanza": "64255/2010", "deroghe": "carico e scarico merci (lun-sab dalle 10:00 alle 14:00), velocipedi, veicoli diretti alle proprietà, adibiti a funzioni religiose", "val_inizio": "2010-03-25 00:00:00+01", "val_fine": "2050-01-01 00:00:00+01", "delibera": "6896/1989", "tratto": "lato civici dispari", "note": "integrata dall'ordinanza n. 64503 del'11.05.2010", "cartello": "AP", "dissuasori": "paracarro mobile/telecamera", "name": "Municipio 1", "ANNO": 2010, "area": 1460.466 }, "geometry": { "type": "MultiPolygon", "coordinates": [ [ [ [ 9.181202466563771, 45.453592401061812 ], [ 9.181006728597376, 45.453531413747463 ], [ 9.180937909174068, 45.453807224413474 ], [ 9.180901777351949, 45.453826363738344 ], [ 9.180455891589414, 45.453767120791433 ], [ 9.180508138891094, 45.45402950868943 ], [ 9.180637295423088, 45.454025434447708 ], [ 9.180978986047062, 45.4540551380829 ], [ 9.181027932454182, 45.453843716272374 ], [ 9.181047379713958, 45.453846205798477 ], [ 9.181070595416145, 45.453747247647414 ], [ 9.181155898920391, 45.453707508071211 ], [ 9.181202466563771, 45.453592401061812 ] ] ] ] } },
{ "type": "Feature", "properties": { "id_amat": 33, "tipo": "AP", "nome": "Sant'Angelo", "gruppo_id": "0", "ordinanza": "48244/2000 , 50570/2001", "deroghe": "autorizzati", "val_inizio": null, "val_fine": "2050-01-01 00:00:00+01", "delibera": null, "tratto": null, "note": null, "cartello": "AP", "dissuasori": null, "name": "Municipio 1", "ANNO": 2001, "area": 1915.46 }, "geometry": { "type": "MultiPolygon", "coordinates": [ [ [ [ 9.191884774861384, 45.476275833757228 ], [ 9.192390883294456, 45.47619289478839 ], [ 9.19236670277636, 45.476079972841944 ], [ 9.192389022826411, 45.476059503037931 ], [ 9.19232650783081, 45.475847544468763 ], [ 9.19234095640418, 45.475844999901923 ], [ 9.192328614506501, 45.475789754479422 ], [ 9.192306232194472, 45.475791862328158 ], [ 9.1917996617162, 45.475850679010698 ], [ 9.191884774861384, 45.476275833757228 ] ] ] ] } },
{ "type": "Feature", "properties": { "id_amat": 36, "tipo": "AP", "nome": "Passaggio Malagodi", "gruppo_id": "0", "ordinanza": "58136/2006 (Istituzione area pedonale urbana)", "deroghe": "nessuna", "val_inizio": "2006-06-05 00:00:00+02", "val_fine": "2050-01-01 00:00:00+01", "delibera": "1908/2005", "tratto": "tutta", "note": null, "cartello": "AP", "dissuasori": null, "name": "Municipio 1", "ANNO": 2006, "area": 119.798 }, "geometry": { "type": "MultiPolygon", "coordinates": [ [ [ [ 9.188551131274576, 45.46673949332002 ], [ 9.188576563123013, 45.466770684947463 ], [ 9.188854679043502, 45.466584535269135 ], [ 9.188865678816557, 45.466584157074003 ], [ 9.188832180245317, 45.466550638556818 ], [ 9.188551131274576, 45.46673949332002 ] ] ] ] } },
{ "type": "Feature", "properties": { "id_amat": 37, "tipo": "AP", "nome": "Pioppette", "gruppo_id": "0", "ordinanza": "51891/2002 (Istituzione area pedonale urbana)", "deroghe": "carico e scarico merci (lun-sab dalle 8:00 alle 11:00), funzioni religiose, veicoli diretti alle proprietà private", "val_inizio": "2002-08-07 00:00:00+02", "val_fine": "2050-01-01 00:00:00+01", "delibera": null, "tratto": "tutta", "note": null, "cartello": "AP", "dissuasori": null, "name": "Municipio 1", "ANNO": 2002, "area": 632.956 }, "geometry": { "type": "MultiPolygon", "coordinates": [ [ [ [ 9.181266743678924, 45.457615672484899 ], [ 9.181330811929314, 45.457652835262138 ], [ 9.181341062212109, 45.457658579681002 ], [ 9.181357457657604, 45.457666204577464 ], [ 9.181513467119824, 45.457617801706633 ], [ 9.181699747445576, 45.457556659106778 ], [ 9.181868000422096, 45.457497615091128 ], [ 9.182062552444386, 45.457463551862887 ], [ 9.181952117415118, 45.457206207933496 ], [ 9.181867137155336, 45.457228575570895 ], [ 9.181944665607405, 45.457434756024405 ], [ 9.181433810763711, 45.457545559716969 ], [ 9.181266743678924, 45.457615672484899 ] ] ] ] } },
{ "type": "Feature", "properties": { "id_amat": 39, "tipo": "AP", "nome": "Via Pattari", "gruppo_id": "0", "ordinanza": "49345/2001 (Istituzione area pedonale urbana)", "deroghe": "velocipedi, veicoli diretti alle proprieta' private", "val_inizio": "2001-02-12 00:00:00+01", "val_fine": "2050-01-01 00:00:00+01", "delibera": "6896/1989", "tratto": null, "note": null, "cartello": "AP", "dissuasori": null, "name": "Municipio 1", "ANNO": 2001, "area": 683.914 }, "geometry": { "type": "MultiPolygon", "coordinates": [ [ [ [ 9.193441445070281, 45.464778739395705 ], [ 9.193446184348385, 45.464780621598273 ], [ 9.193472790551072, 45.464743132364021 ], [ 9.193473935938098, 45.46474142023321 ], [ 9.193520715031894, 45.464655471378315 ], [ 9.193544404315174, 45.464662812149825 ], [ 9.193592566607014, 45.4645699301376 ], [ 9.193598644338442, 45.464551737789819 ], [ 9.193635495000768, 45.464442763065342 ], [ 9.193643176148489, 45.46436975177442 ], [ 9.193655664926109, 45.464206362077519 ], [ 9.193656929836006, 45.464164775211295 ], [ 9.193656832005232, 45.464136152124091 ], [ 9.193516383837375, 45.464136389736012 ], [ 9.19351696086769, 45.464305337957548 ], [ 9.193506866396588, 45.464420838148179 ], [ 9.193497648604399, 45.464455957723608 ], [ 9.19348740441886, 45.464490178931435 ], [ 9.19346911088468, 45.464527114054796 ], [ 9.193453488147918, 45.464559544148521 ], [ 9.193439144223527, 45.464591882067865 ], [ 9.193421213779281, 45.464622785884266 ], [ 9.193419433740251, 45.464625939250894 ], [ 9.193418289275712, 45.464627921410312 ], [ 9.193453749989061, 45.464636232414783 ], [ 9.193389186346677, 45.464758395409525 ], [ 9.193441445070281, 45.464778739395705 ] ] ] ] } },
{ "type": "Feature", "properties": { "id_amat": 41, "tipo": "AP", "nome": "Area Scala - San Fedele sottoambito Piazza della Scala", "gruppo_id": "0", "ordinanza": "35309/1990 (Istituzione area pedonale urbana)", "deroghe": null, "val_inizio": null, "val_fine": "2050-01-01 00:00:00+01", "delibera": null, "tratto": null, "note": null, "cartello": "AP", "dissuasori": null, "name": "Municipio 1", "ANNO": 1990, "area": 4262.831 }, "geometry": { "type": "MultiPolygon", "coordinates": [ [ [ [ 9.190079316541183, 45.466490697188021 ], [ 9.190079960359212, 45.466491956261265 ], [ 9.189932380658281, 45.466579781227843 ], [ 9.18992906956826, 45.466584197222886 ], [ 9.189873660721281, 45.466616422814262 ], [ 9.189867378846321, 45.4666122927689 ], [ 9.189862273875987, 45.466615811636601 ], [ 9.189849121509228, 45.466622764242899 ], [ 9.189720686094242, 45.466697775723517 ], [ 9.18972862940212, 45.466701452971222 ], [ 9.189718039891382, 45.466709751465828 ], [ 9.189669648548218, 45.466736654721593 ], [ 9.189597526030479, 45.466782049367424 ], [ 9.189585016198157, 45.466789900980366 ], [ 9.189576169022954, 45.466783704934947 ], [ 9.18957157719986, 45.46678767299035 ], [ 9.189452600420301, 45.466860688273073 ], [ 9.189430786776438, 45.466878816433365 ], [ 9.189427977976399, 45.466880441266419 ], [ 9.189404483616592, 45.466893261602934 ], [ 9.189420795532987, 45.466913036843039 ], [ 9.189433983532375, 45.466916705429249 ], [ 9.189476443035776, 45.466952009134083 ], [ 9.189518377065369, 45.46698317322479 ], [ 9.189610606711165, 45.467059439082917 ], [ 9.189747577892781, 45.467164703972422 ], [ 9.189840572344883, 45.467239978262292 ], [ 9.189861480276489, 45.467256955497788 ], [ 9.18988110570386, 45.467272944745574 ], [ 9.18990726621942, 45.467292253521123 ], [ 9.18993919971982, 45.467278338952354 ], [ 9.189969855817116, 45.467264966556343 ], [ 9.190010218408675, 45.467246987515693 ], [ 9.190061178384173, 45.467223050187691 ], [ 9.190121080309659, 45.467195407563004 ], [ 9.190182388990015, 45.467167672558574 ], [ 9.190223392553296, 45.467150142427897 ], [ 9.190265794137508, 45.467129909652463 ], [ 9.190309480933024, 45.467111474927421 ], [ 9.190349329814637, 45.467092956559746 ], [ 9.190397609250354, 45.467070823743569 ], [ 9.190439249247724, 45.467052392374335 ], [ 9.190489448916061, 45.467030706374331 ], [ 9.190527255816848, 45.467013631506504 ], [ 9.190565704107367, 45.46699709561905 ], [ 9.190606064501006, 45.466978576309565 ], [ 9.190585408654353, 45.466960518667456 ], [ 9.190551148593107, 45.466929162169301 ], [ 9.190477505775625, 45.466864657465173 ], [ 9.190398471783714, 45.466794581051779 ], [ 9.190332395261493, 45.466735644294445 ], [ 9.190142882481402, 45.466564039896518 ], [ 9.19020199712404, 45.466530727892348 ], [ 9.190115076215211, 45.466473535845424 ], [ 9.190079316541183, 45.466490697188021 ] ] ] ] } },
{ "type": "Feature", "properties": { "id_amat": 68, "tipo": "AP", "nome": "Piazzetta Pattari", "gruppo_id": "0", "ordinanza": "49345 (istituzione di area pedonale urbana)", "deroghe": null, "val_inizio": "2001-02-12 00:00:00+01", "val_fine": "2050-01-01 00:00:00+01", "delibera": "6896/1989", "tratto": "tutta", "note": null, "cartello": "AP", "dissuasori": null, "name": "Municipio 1", "ANNO": null, "area": 591.587 }, "geometry": { "type": "MultiPolygon", "coordinates": [ [ [ [ 9.193598644338442, 45.464551737789819 ], [ 9.193592566607014, 45.4645699301376 ], [ 9.193544404315174, 45.464662812149825 ], [ 9.193691637934126, 45.464701357422797 ], [ 9.193704697778712, 45.464705025734276 ], [ 9.193695547973974, 45.464722593215988 ], [ 9.193837409765413, 45.464761237404019 ], [ 9.193882217288865, 45.464772142737687 ], [ 9.193892646492731, 45.46475466308349 ], [ 9.194038485860908, 45.464796810680056 ], [ 9.194119546639968, 45.464711253492901 ], [ 9.194050523915248, 45.464688868012487 ], [ 9.193973629777865, 45.464646423554896 ], [ 9.193830364517689, 45.464608772025166 ], [ 9.193688123372763, 45.464571298602358 ], [ 9.193598644338442, 45.464551737789819 ] ] ] ] } },
{ "type": "Feature", "properties": { "id_amat": 86, "tipo": "AP", "nome": "San Tomaso", "gruppo_id": "0", "ordinanza": "44611/1997 (Istituzione area pedonale urbana)", "deroghe": "velocipedi, veicoli diretti all'interno delle proprietà private, carico e scarico merci", "val_inizio": null, "val_fine": "2050-01-01 00:00:00+01", "delibera": null, "tratto": "compreso tra via Rovello e via Dante", "note": null, "cartello": "AP", "dissuasori": null, "name": "Municipio 1", "ANNO": 1997, "area": 414.436 }, "geometry": { "type": "MultiPolygon", "coordinates": [ [ [ [ 9.184018015918898, 45.467003671761248 ], [ 9.183923844655558, 45.467075651279231 ], [ 9.184082673144609, 45.46717890760543 ], [ 9.18441318252407, 45.467206908694862 ], [ 9.184423459171034, 45.467220123630035 ], [ 9.184529881296875, 45.467139212939912 ], [ 9.184476400655223, 45.467136148809729 ], [ 9.184180833289236, 45.467114122352385 ], [ 9.184174163626302, 45.467108642465718 ], [ 9.184166087435303, 45.467103344862615 ], [ 9.184018015918898, 45.467003671761248 ] ] ] ] } },
{ "type": "Feature", "properties": { "id_amat": 87, "tipo": "AP", "nome": "Via Zebedia", "gruppo_id": "0", "ordinanza": "41683/1995 (Istituzione area pedonale urbana)", "deroghe": "veicoli diretti alle proprieta' private,velocipedi", "val_inizio": "1999-10-23 00:00:00+02", "val_fine": "2050-01-01 00:00:00+01", "delibera": null, "tratto": "compreso tra S. Alessandro e via Mauri", "note": null, "cartello": "AP", "dissuasori": null, "name": "Municipio 1", "ANNO": 1995, "area": 409.96 }, "geometry": { "type": "MultiPolygon", "coordinates": [ [ [ [ 9.186341247415077, 45.46072592902415 ], [ 9.186625365166233, 45.460737797426134 ], [ 9.186628897895055, 45.46072302997834 ], [ 9.186640538737223, 45.460723461044068 ], [ 9.187498902690447, 45.460797306417795 ], [ 9.187498793990043, 45.460764452843094 ], [ 9.18746498504907, 45.460751816784949 ], [ 9.187177364269294, 45.4607250144945 ], [ 9.187093325893253, 45.460723711761119 ], [ 9.186920997112242, 45.460711661974806 ], [ 9.18667711435906, 45.460682986766159 ], [ 9.186552958639691, 45.460695340625406 ], [ 9.186361825659549, 45.460682600566962 ], [ 9.186341247415077, 45.46072592902415 ] ] ] ] } },
{ "type": "Feature", "properties": { "id_amat": 88, "tipo": "AP", "nome": "Navigli - Ambito A - Alzaia Naviglio Grande", "gruppo_id": "0", "ordinanza": "67820/2012,1070/2015 (delimitazione area pedonale)", "deroghe": "carico e scarico merci  (feriali dalle 5:00 alle 8:00 e dalle 15:00 alle 16:00), velocipedi, residenti e domiciliati, taxi e assimilati, possessori di box", "val_inizio": "2012-05-30 00:00:00+02", "val_fine": "2050-01-01 00:00:00+01", "delibera": "1152/2012", "tratto": "Via Corsico, Via Casale, Alzaia Naviglio Grande tra via Corsico e via Casale", "note": null, "cartello": "AP", "dissuasori": null, "name": "Municipio 6", "ANNO": 2015, "area": 9706.402 }, "geometry": { "type": "MultiPolygon", "coordinates": [ [ [ [ 9.168212038725565, 45.450604713423324 ], [ 9.168262263146364, 45.450636503294447 ], [ 9.168301643706172, 45.450634015111547 ], [ 9.168349050513516, 45.450664368920478 ], [ 9.168351519298206, 45.450677506813435 ], [ 9.168352168331552, 45.450680746234596 ], [ 9.16835499591059, 45.450685512628787 ], [ 9.168357567190581, 45.450690099378996 ], [ 9.168358594794014, 45.4506916280449 ], [ 9.168361163134678, 45.450695224684551 ], [ 9.168364244876635, 45.45069945064197 ], [ 9.168369244055206, 45.45070340374734 ], [ 9.168371551019106, 45.450705110551986 ], [ 9.168375266562085, 45.450707445357502 ], [ 9.168388590404023, 45.450715526695433 ], [ 9.168399540720214, 45.450699488726237 ], [ 9.168445395594642, 45.450594829117719 ], [ 9.168731134321467, 45.450654085153758 ], [ 9.168900935639108, 45.450687858648308 ], [ 9.168952635301039, 45.450699573710352 ], [ 9.168952889725055, 45.45069912328259 ], [ 9.168953272299785, 45.450698762676076 ], [ 9.168953783025234, 45.450698491890847 ], [ 9.16895416640458, 45.450698401314476 ], [ 9.168955956491599, 45.450698308661515 ], [ 9.168956468021666, 45.450698307906407 ], [ 9.168974510990761, 45.450702151718851 ], [ 9.168974767292291, 45.450702331361349 ], [ 9.168975151476349, 45.450702510815042 ], [ 9.168975408314365, 45.450702870477599 ], [ 9.168975665152384, 45.450703230140178 ], [ 9.168975666493592, 45.450703680190394 ], [ 9.16897374745095, 45.450703412992276 ], [ 9.169065113814749, 45.450722810332337 ], [ 9.16914074074476, 45.450738900474008 ], [ 9.169220718413822, 45.450755884237417 ], [ 9.169318348779099, 45.450774462019183 ], [ 9.169416749731942, 45.45079411870212 ], [ 9.169453602285298, 45.45080153501231 ], [ 9.169559680875208, 45.45082271038207 ], [ 9.169597557605201, 45.450830485170243 ], [ 9.169712980372829, 45.450854526884804 ], [ 9.1697461230532, 45.450861498549408 ], [ 9.169899423029772, 45.450893404811467 ], [ 9.170040947682976, 45.450921907966141 ], [ 9.170077928283849, 45.450929323884537 ], [ 9.170272301000589, 45.450968459448909 ], [ 9.170395013945773, 45.450992579638182 ], [ 9.170444278189512, 45.451002227410278 ], [ 9.170650163341763, 45.451042155279914 ], [ 9.170653874124257, 45.451042869830452 ], [ 9.170782858013794, 45.451068420419205 ], [ 9.170836601561366, 45.451079141463161 ], [ 9.171010755611444, 45.451113625405164 ], [ 9.171055028536477, 45.451121930215002 ], [ 9.17105902089434, 45.451131195322695 ], [ 9.171008913629064, 45.451181316002902 ], [ 9.17090079960818, 45.45129138022893 ], [ 9.170808239844062, 45.451385759323585 ], [ 9.170721790842824, 45.451471038173509 ], [ 9.170670027526182, 45.451523501443361 ], [ 9.170648098058271, 45.451545676707461 ], [ 9.170560635784124, 45.451634377339943 ], [ 9.170502882157779, 45.451693690251645 ], [ 9.170481208598774, 45.451715955112228 ], [ 9.170373733309221, 45.451826467929664 ], [ 9.170342877881904, 45.451857387431758 ], [ 9.170323752436992, 45.451876498104589 ], [ 9.170212314789659, 45.451987916767777 ], [ 9.170174688279312, 45.452021186564139 ], [ 9.17017507301645, 45.452021546033777 ], [ 9.170175201982596, 45.452021905883683 ], [ 9.170175330678584, 45.452022175723606 ], [ 9.17017533175923, 45.452022535763668 ], [ 9.170175077068874, 45.452022896184033 ], [ 9.170092336716804, 45.452108799106526 ], [ 9.170091953599774, 45.45210897969671 ], [ 9.170091570482741, 45.452109160286909 ], [ 9.170091187095675, 45.45210925086711 ], [ 9.170090547667197, 45.452109251817397 ], [ 9.170090163740074, 45.452109162377525 ], [ 9.17008965165723, 45.452108983117697 ], [ 9.170047451342043, 45.452152340835269 ], [ 9.170047963425146, 45.452152520095275 ], [ 9.170048091850866, 45.452152699925314 ], [ 9.17004834843234, 45.452152969575337 ], [ 9.170048477128022, 45.452153239415388 ], [ 9.170048478477831, 45.452153689465469 ], [ 9.170048223786077, 45.452154049885536 ], [ 9.169998753610896, 45.452203989146163 ], [ 9.169998498378838, 45.452204169546079 ], [ 9.169997987644834, 45.452204440335919 ], [ 9.169997604256972, 45.452204530915793 ], [ 9.16999709271332, 45.452204531675605 ], [ 9.169903843921874, 45.452198009369958 ], [ 9.169937211072607, 45.452236934341869 ], [ 9.170033462985996, 45.452349304406354 ], [ 9.170043857945583, 45.452361350358302 ], [ 9.170041308048843, 45.452363964448679 ], [ 9.170049248606285, 45.452367823098932 ], [ 9.170065897852187, 45.452375809287638 ], [ 9.170067434647738, 45.452376527087388 ], [ 9.170068710540802, 45.452375535076968 ], [ 9.170070111890135, 45.452373732786377 ], [ 9.170072916478549, 45.452370758275229 ], [ 9.170075848952953, 45.452367783573976 ], [ 9.170078781427053, 45.452364808872645 ], [ 9.17008158601457, 45.45236183436127 ], [ 9.170084390331775, 45.452358769839833 ], [ 9.1700871949187, 45.452355795328344 ], [ 9.170090127391578, 45.452352820626686 ], [ 9.170092931977905, 45.452349846115055 ], [ 9.170095864450177, 45.452346871413262 ], [ 9.170098669035909, 45.452343896901468 ], [ 9.170101473351298, 45.452340832379605 ], [ 9.170104405822656, 45.452337857677605 ], [ 9.170105935596238, 45.452336235216535 ], [ 9.170107210407494, 45.452334883165612 ], [ 9.170110014992037, 45.452331908653534 ], [ 9.170112947462481, 45.452328933951328 ], [ 9.17011575204643, 45.452325959439101 ], [ 9.170118684246184, 45.452322894726699 ], [ 9.17011714718137, 45.452322086917619 ], [ 9.170127347825717, 45.452311990588932 ], [ 9.170127858560072, 45.452311719798494 ], [ 9.170128369834604, 45.45231162902811 ], [ 9.170128753222976, 45.452311538447823 ], [ 9.170129265037684, 45.452311627697412 ], [ 9.170129905278733, 45.452311896776969 ], [ 9.170142401656769, 45.452299726794834 ], [ 9.170142017458161, 45.452299547345149 ], [ 9.170141760875572, 45.452299277695332 ], [ 9.170141631909001, 45.452298917845383 ], [ 9.170141502942435, 45.452298557995469 ], [ 9.170141629748112, 45.452298197765288 ], [ 9.170141628667668, 45.452297837725219 ], [ 9.170250522859705, 45.452190923441371 ], [ 9.170250905706496, 45.452190652840649 ], [ 9.170251289093848, 45.452190562259922 ], [ 9.170251544595326, 45.452190471869443 ], [ 9.170252056138846, 45.452190471108501 ], [ 9.170252440066772, 45.452190560547812 ], [ 9.170252952150868, 45.452190739806888 ], [ 9.170256648407925, 45.452186593829332 ], [ 9.17028048548087, 45.452160725377738 ], [ 9.170280101012439, 45.452160455918474 ], [ 9.170279716273685, 45.452160096449219 ], [ 9.17027958730656, 45.45215973659942 ], [ 9.170279586225238, 45.452159376559372 ], [ 9.170279840645209, 45.452158926128746 ], [ 9.170306608794029, 45.452129632914883 ], [ 9.170307119525878, 45.452129362123621 ], [ 9.170307502912729, 45.452129271542738 ], [ 9.170307758413841, 45.452129181152138 ], [ 9.170308397842545, 45.45212918020065 ], [ 9.170308653884403, 45.452129269830074 ], [ 9.170309165968121, 45.452129449088879 ], [ 9.170369726692318, 45.452067791830288 ], [ 9.17038795888074, 45.452049312553157 ], [ 9.170416135556078, 45.452020647289046 ], [ 9.17041855807566, 45.452018213400628 ], [ 9.170617451075401, 45.45181575367139 ], [ 9.170639252774716, 45.451793578604743 ], [ 9.170801936165804, 45.451628076800951 ], [ 9.170983232972254, 45.451443734775296 ], [ 9.170988587821117, 45.45143832614967 ], [ 9.171005034385114, 45.451421559637808 ], [ 9.1710096243684, 45.451416962247819 ], [ 9.171010388958315, 45.45141606100109 ], [ 9.171256835328615, 45.45116618358643 ], [ 9.171579715710447, 45.451241758806987 ], [ 9.171843447481402, 45.451295279373362 ], [ 9.1723711907224, 45.451409699111863 ], [ 9.172603226818223, 45.451469206342999 ], [ 9.173105328155341, 45.451561338768855 ], [ 9.173636443316505, 45.451689429140892 ], [ 9.173635298418558, 45.451691411107198 ], [ 9.17363529869422, 45.451691501117217 ], [ 9.173578872261212, 45.451807340115806 ], [ 9.173568323113958, 45.451828688584939 ], [ 9.173506050044519, 45.451956417786917 ], [ 9.173474531676115, 45.452020913025798 ], [ 9.173469956991706, 45.452030461064211 ], [ 9.173468050551449, 45.452034334401823 ], [ 9.173457248853781, 45.452056763367679 ], [ 9.173455342136384, 45.452060546695058 ], [ 9.173450004537983, 45.452071536055598 ], [ 9.173399171566489, 45.452176655240791 ], [ 9.173340331395552, 45.452298078414351 ], [ 9.173330037564419, 45.452319336462544 ], [ 9.173266622620172, 45.452450397637548 ], [ 9.173256456070147, 45.452471475465011 ], [ 9.1732023209752, 45.452584340449356 ], [ 9.173161402613204, 45.452669912255679 ], [ 9.173151108647568, 45.452691170286549 ], [ 9.17311171488328, 45.452773499392194 ], [ 9.173075121886704, 45.452851683768948 ], [ 9.173065083905341, 45.452873031414676 ], [ 9.17304386489973, 45.452918338733248 ], [ 9.173040163579689, 45.452920774610448 ], [ 9.173063816724538, 45.452918758616761 ], [ 9.173063055169544, 45.452920649986865 ], [ 9.173194233109079, 45.452909110239922 ], [ 9.173195121997068, 45.452907038655439 ], [ 9.173195122821989, 45.452907308685397 ], [ 9.173234373827036, 45.452903828884516 ], [ 9.173222288334729, 45.452799165074865 ], [ 9.173259266405701, 45.452721520129742 ], [ 9.173269560336157, 45.452700262089287 ], [ 9.173289764513177, 45.45265774658629 ], [ 9.173366262227393, 45.452497322192038 ], [ 9.173426367919831, 45.45237148658142 ], [ 9.173436533837958, 45.452350228718586 ], [ 9.173471478090649, 45.45227681727021 ], [ 9.17352230716032, 45.452170437914745 ], [ 9.173533234535475, 45.452147288669288 ], [ 9.173583428079494, 45.452042260404099 ], [ 9.173611259985385, 45.451985061571634 ], [ 9.173673151398972, 45.451858052975474 ], [ 9.173684843756808, 45.451834182470009 ], [ 9.173746498656191, 45.451713564929761 ], [ 9.173789454149363, 45.451625559524523 ], [ 9.17372917610661, 45.451611159362891 ], [ 9.173686691689648, 45.451602492834262 ], [ 9.173679014481987, 45.451601154328642 ], [ 9.173511667421815, 45.451577195357764 ], [ 9.17158798387859, 45.451184859818412 ], [ 9.171092853203312, 45.451069937656868 ], [ 9.171062782423062, 45.451063951906704 ], [ 9.171010581862967, 45.451056018987131 ], [ 9.170984609607411, 45.451052097332358 ], [ 9.170837326969906, 45.451022793848459 ], [ 9.17031691516965, 45.450920147473155 ], [ 9.16987660274957, 45.450831691524911 ], [ 9.169532903629117, 45.450763343159579 ], [ 9.169252282310479, 45.45070525169853 ], [ 9.169179348983301, 45.450691857962298 ], [ 9.169152984780435, 45.450685056136081 ], [ 9.169122400730849, 45.450678350549744 ], [ 9.169083107260935, 45.450667157300046 ], [ 9.169059933700833, 45.450658190488127 ], [ 9.168524923133472, 45.450546556460978 ], [ 9.168524667101597, 45.450546466827525 ], [ 9.168524282920021, 45.450546287372298 ], [ 9.168524026353106, 45.450546017718736 ], [ 9.16852389766837, 45.450545747876916 ], [ 9.168523769251152, 45.450545568045094 ], [ 9.168523768181068, 45.450545208004925 ], [ 9.168523894993156, 45.450544847776442 ], [ 9.168524022072765, 45.450544577557991 ], [ 9.168524277034541, 45.450544307151269 ], [ 9.168524660146007, 45.450544126566257 ], [ 9.168525299289341, 45.450544035614733 ], [ 9.168526066314834, 45.450543944474902 ], [ 9.16848965149034, 45.450511594328141 ], [ 9.168430918314202, 45.450499799396468 ], [ 9.168422540124979, 45.450520694148189 ], [ 9.168297780253647, 45.450495674743401 ], [ 9.168007827208006, 45.450437953985507 ], [ 9.168012343348428, 45.450451538933194 ], [ 9.168013884599739, 45.450453786931824 ], [ 9.168020968251565, 45.450470698496538 ], [ 9.168025337578058, 45.450477892917725 ], [ 9.168030983592173, 45.450484365380866 ], [ 9.168034702841014, 45.450487960338307 ], [ 9.168038936019292, 45.450492364635082 ], [ 9.168043294412735, 45.450495868643429 ], [ 9.168051110691289, 45.450501077772941 ], [ 9.168068412389928, 45.450513743840446 ], [ 9.168073665161213, 45.450516976502954 ], [ 9.168212038725565, 45.450604713423324 ] ] ], [ [ [ 9.17547776442434, 45.452029110358168 ], [ 9.175484269310186, 45.452023519738127 ], [ 9.175550560248421, 45.45203835980147 ], [ 9.175554271436408, 45.452039164202517 ], [ 9.175639119198811, 45.452058296247621 ], [ 9.175886252441407, 45.452117953653321 ], [ 9.176072750438138, 45.452171943160415 ], [ 9.176076206429755, 45.452172927957911 ], [ 9.176222492372206, 45.452208886986647 ], [ 9.176376052038311, 45.452239704024414 ], [ 9.176414697962883, 45.452247475364764 ], [ 9.176446442537102, 45.452256697499166 ], [ 9.176584158881397, 45.452292129213738 ], [ 9.176598877835541, 45.452295976949635 ], [ 9.176552446585312, 45.452416482522494 ], [ 9.176572374428295, 45.452409250945081 ], [ 9.176588208782615, 45.452401665638874 ], [ 9.176593952451737, 45.452398056359648 ], [ 9.176595994707325, 45.452396793062512 ], [ 9.17678973297892, 45.452311434103436 ], [ 9.176783559080432, 45.452300102328273 ], [ 9.176782531781647, 45.452298753758939 ], [ 9.176779066508022, 45.452294798653469 ], [ 9.176775472506831, 45.452290573715494 ], [ 9.176761378659721, 45.452282134505666 ], [ 9.176750107850539, 45.452276751288245 ], [ 9.176735127507143, 45.452271103767167 ], [ 9.176731064055604, 45.452280381115067 ], [ 9.176716085115981, 45.452275183641376 ], [ 9.176722193062254, 45.452265363074474 ], [ 9.176721169132477, 45.452265094624352 ], [ 9.176716432861184, 45.452263661771248 ], [ 9.176711568984695, 45.452262319125381 ], [ 9.176706960880425, 45.452260976084382 ], [ 9.176702224890384, 45.452259633240637 ], [ 9.176697488900567, 45.452258290396749 ], [ 9.176692752630435, 45.452256857542622 ], [ 9.176688016641076, 45.452255514698329 ], [ 9.176683280651938, 45.452254171853795 ], [ 9.176678544663021, 45.452252829009097 ], [ 9.176673808393835, 45.45225139615421 ], [ 9.176669072405375, 45.452250053309101 ], [ 9.176666128503632, 45.45224924775988 ], [ 9.17651497046209, 45.452209426366316 ], [ 9.176449185572888, 45.452192965895378 ], [ 9.176286143694579, 45.452156132864182 ], [ 9.176265282643772, 45.452151124412566 ], [ 9.176117732507047, 45.452119847925481 ], [ 9.176106058003292, 45.452107984515521 ], [ 9.175745185237396, 45.452032660470039 ], [ 9.175502298645123, 45.451981367215097 ], [ 9.175357949286697, 45.451950984941426 ], [ 9.175322245905447, 45.451943478766694 ], [ 9.175288461925875, 45.451936329682688 ], [ 9.175257365492905, 45.451929806546048 ], [ 9.174788872585275, 45.451831601563455 ], [ 9.174675875774266, 45.451807651289741 ], [ 9.174553921016631, 45.451781734337857 ], [ 9.174366446685694, 45.451742055492261 ], [ 9.174256393517776, 45.451718730391292 ], [ 9.174240013476663, 45.451715244923797 ], [ 9.17387185073976, 45.451638125844795 ], [ 9.173825396063361, 45.451627575180531 ], [ 9.173822858516791, 45.451634149795645 ], [ 9.173789327368414, 45.451625919758762 ], [ 9.173746498656191, 45.451713564929761 ], [ 9.174127310713956, 45.451786884729188 ], [ 9.174330387830995, 45.451826810232433 ], [ 9.174444598091899, 45.451871101353575 ], [ 9.174480088754848, 45.451892649752736 ], [ 9.174486734074806, 45.451891109444261 ], [ 9.174487117453314, 45.451891018849302 ], [ 9.174487373777707, 45.45189119847938 ], [ 9.174529277849709, 45.451918947804025 ], [ 9.174597732943583, 45.451972219569754 ], [ 9.174665932118113, 45.45202540167417 ], [ 9.17470233868567, 45.452053609376847 ], [ 9.174686890327745, 45.452062003926684 ], [ 9.174768569022577, 45.452131817320755 ], [ 9.174807167530098, 45.452165782308917 ], [ 9.174902188869968, 45.452249256808784 ], [ 9.174951041198957, 45.4522905869308 ], [ 9.17496936345611, 45.452260315420972 ], [ 9.174971655403644, 45.452257071541986 ], [ 9.174991264277359, 45.452229318353062 ], [ 9.175004915008772, 45.452218586240349 ], [ 9.175140365863586, 45.452100555399419 ], [ 9.175232964905042, 45.452020844444156 ], [ 9.175412266056696, 45.452105089550209 ], [ 9.175453404872968, 45.452050660195958 ], [ 9.175478148916572, 45.452029379799882 ], [ 9.17547776442434, 45.452029110358168 ] ], [ [ 9.174655183583655, 45.451857368622782 ], [ 9.174750763412714, 45.451873334585031 ], [ 9.17490126517813, 45.451908388766114 ], [ 9.175235274819999, 45.451982046416482 ], [ 9.175228515534478, 45.451988087463981 ], [ 9.175229027354238, 45.451988176690776 ], [ 9.175206197622012, 45.452008193956537 ], [ 9.175180689509787, 45.452030555588337 ], [ 9.175165511739612, 45.452043720340946 ], [ 9.175081587389483, 45.452116487168645 ], [ 9.175002233095157, 45.45217835568517 ], [ 9.174836669854567, 45.452070056168651 ], [ 9.174752200975719, 45.451966313154699 ], [ 9.174742510256314, 45.451934104220925 ], [ 9.174669635618297, 45.451940696216809 ], [ 9.174655183583655, 45.451857368622782 ] ] ] ] } },
{ "type": "Feature", "properties": { "id_amat": 89, "tipo": "AP", "nome": "Navigli - Ambito B - Ripa di Porta Ticinese", "gruppo_id": "0", "ordinanza": "649/2015, 1070/2015 (delimitazione di area pedonale in base ai disposti della deliberazione numero 1173/2015)", "deroghe": "carico e scarico merci (dalle 5:00 alle 7:30 e dalle 15:00 alle 17:30), velocipedi,   residenti e domiciliati,", "val_inizio": "2012-05-30 00:00:00+02", "val_fine": "2050-01-01 00:00:00+01", "delibera": "1152/2012", "tratto": "compreso tra via Paoli e viale Gorizia", "note": null, "cartello": "AP", "dissuasori": null, "name": "Municipio 6", "ANNO": 2015, "area": 4970.576 }, "geometry": { "type": "MultiPolygon", "coordinates": [ [ [ [ 9.171508035971502, 45.450924489454316 ], [ 9.171432437029233, 45.451002551754527 ], [ 9.171464044591684, 45.451009255188595 ], [ 9.171479144337486, 45.451012382931118 ], [ 9.171799184246463, 45.451079230777026 ], [ 9.172273035238202, 45.451176899906599 ], [ 9.172994242127018, 45.451324959329199 ], [ 9.173443012938019, 45.451416450788763 ], [ 9.173606679792679, 45.451449866538454 ], [ 9.173750128714238, 45.451479262280152 ], [ 9.173750384758577, 45.451479351901874 ], [ 9.173756780902025, 45.451479972264266 ], [ 9.173763817018601, 45.451480771675513 ], [ 9.173789402422168, 45.451483523149975 ], [ 9.173795798842423, 45.451484233520183 ], [ 9.17379925392482, 45.451484948356779 ], [ 9.174025121875532, 45.451534200876885 ], [ 9.174038686736903, 45.451537150593801 ], [ 9.174038947202813, 45.451538680374952 ], [ 9.174039852616763, 45.451542009383907 ], [ 9.174066725748327, 45.451547639171601 ], [ 9.174070300155451, 45.451545563495287 ], [ 9.17407259848196, 45.451544389864054 ], [ 9.174390354150145, 45.451615014356108 ], [ 9.174765172160656, 45.451693651778704 ], [ 9.17500025393355, 45.451744328465274 ], [ 9.175313782485343, 45.451811986505845 ], [ 9.175845893711845, 45.451928993791668 ], [ 9.176229291969491, 45.452010133513504 ], [ 9.176529387900828, 45.452075378616797 ], [ 9.17671047308446, 45.452115873869531 ], [ 9.176771516084852, 45.45212910113969 ], [ 9.17683767819265, 45.452143490602701 ], [ 9.176848176053557, 45.452147074797693 ], [ 9.176857266049424, 45.452150301125705 ], [ 9.176861362043631, 45.452151464931234 ], [ 9.176865458318813, 45.452152718746625 ], [ 9.176869554594173, 45.452153972561831 ], [ 9.176873651150538, 45.452155316386914 ], [ 9.176877620102164, 45.452156750419469 ], [ 9.176882613544249, 45.452158632920536 ], [ 9.176887351215131, 45.452160515816701 ], [ 9.176892217052943, 45.452162488524998 ], [ 9.176896827400407, 45.452164551638425 ], [ 9.176901438029061, 45.452166704761616 ], [ 9.176905537114919, 45.452168858675385 ], [ 9.17690938071039, 45.452171102994349 ], [ 9.176916428473231, 45.452175592620407 ], [ 9.176916940859101, 45.452175861859558 ], [ 9.176924314415345, 45.452161808835555 ], [ 9.17701543119405, 45.45218156023909 ], [ 9.17702247896659, 45.452186049858547 ], [ 9.177050041039292, 45.452207339690609 ], [ 9.177061331822419, 45.452219113587155 ], [ 9.177074294685969, 45.452233945249539 ], [ 9.17708520885048, 45.452247969986772 ], [ 9.177151037214145, 45.452237336888857 ], [ 9.177476087722505, 45.452184627226735 ], [ 9.177524404322144, 45.452176811392043 ], [ 9.177268712024176, 45.452120771205799 ], [ 9.177263209281461, 45.452119609593836 ], [ 9.177136260916917, 45.452092352978681 ], [ 9.177102476339671, 45.452085114421884 ], [ 9.177036314795457, 45.45207090513204 ], [ 9.17702761379905, 45.452069388414458 ], [ 9.176908104646065, 45.452049050840117 ], [ 9.176895055829871, 45.452047630843687 ], [ 9.176863712647268, 45.452044078869697 ], [ 9.176771346476132, 45.452033690358128 ], [ 9.176697120997357, 45.452017153056183 ], [ 9.176673317474716, 45.452011789180311 ], [ 9.176514884610677, 45.451976479536349 ], [ 9.176509893438775, 45.451975317098992 ], [ 9.176485194473797, 45.451969864554549 ], [ 9.176402138634465, 45.451951270438109 ], [ 9.176318444822945, 45.451933127296208 ], [ 9.176281716845166, 45.451925172947796 ], [ 9.176041896959234, 45.451873066021719 ], [ 9.175955767415768, 45.451852946131261 ], [ 9.175927228374247, 45.451846329234506 ], [ 9.175873605440895, 45.451833810193307 ], [ 9.175783259998173, 45.451815046807702 ], [ 9.175746277238908, 45.451807362709559 ], [ 9.175655036128058, 45.451788420577032 ], [ 9.175612678054813, 45.451779394529382 ], [ 9.175467304124281, 45.451748383892031 ], [ 9.175404598778067, 45.451734978451 ], [ 9.175376317300319, 45.451728901084266 ], [ 9.175337798364607, 45.451720679145247 ], [ 9.175151601703018, 45.45168072959909 ], [ 9.174930340204147, 45.451632822423235 ], [ 9.174896171694948, 45.451625313768851 ], [ 9.174742606729282, 45.451591974454544 ], [ 9.174734033197186, 45.451590277346661 ], [ 9.17472793857066, 45.451604508298942 ], [ 9.174691341686282, 45.451597453342828 ], [ 9.174562740986177, 45.451572716679181 ], [ 9.174533181943319, 45.451567001093849 ], [ 9.174398566938619, 45.45154101327104 ], [ 9.174332291552327, 45.451530943066793 ], [ 9.174265501332203, 45.451519793482895 ], [ 9.174259850075765, 45.451511881170184 ], [ 9.17425397348326, 45.451513870347291 ], [ 9.174149453710736, 45.45145993317179 ], [ 9.174151600094021, 45.451450928862869 ], [ 9.174146737453874, 45.451449946147449 ], [ 9.17414648500319, 45.45145102665672 ], [ 9.174142654559992, 45.451453012714623 ], [ 9.174136132466439, 45.451453022638439 ], [ 9.173914657807625, 45.451418435361077 ], [ 9.17374677648276, 45.451386916669733 ], [ 9.173635325254221, 45.451366113383443 ], [ 9.173635198197205, 45.451366383607485 ], [ 9.173634943256195, 45.451366654025577 ], [ 9.173634432271527, 45.45136683482167 ], [ 9.173634049170856, 45.451367015423742 ], [ 9.173633665794521, 45.451367106015823 ], [ 9.173633153982884, 45.451367016781887 ], [ 9.173543062485283, 45.451347171112516 ], [ 9.173542806441869, 45.451347081490312 ], [ 9.17354242223899, 45.451346902052052 ], [ 9.17354216564455, 45.451346632409845 ], [ 9.173541909050115, 45.451346362767637 ], [ 9.173541908223587, 45.451346092737616 ], [ 9.17354190684603, 45.451345642687549 ], [ 9.173506076477695, 45.451338226147371 ], [ 9.173326019133116, 45.451297724252683 ], [ 9.173190368501722, 45.451267236051663 ], [ 9.173160167038445, 45.451260440957725 ], [ 9.173116913745199, 45.451251145306941 ], [ 9.173084537726425, 45.451244173461376 ], [ 9.173072125037226, 45.451241581930383 ], [ 9.172927776941096, 45.451210566506887 ], [ 9.172726746688172, 45.451169825322779 ], [ 9.172535581280757, 45.451134829581193 ], [ 9.172275694860758, 45.451084185157065 ], [ 9.172172169431271, 45.451062018354925 ], [ 9.171984702421181, 45.451023415709614 ], [ 9.171873630198462, 45.451000629904044 ], [ 9.17185712262793, 45.4509971442859 ], [ 9.171508035971502, 45.450924489454316 ] ] ] ] } },
{ "type": "Feature", "properties": { "id_amat": 90, "tipo": "AP", "nome": "Corso di Porta Ticinese - Colonne di San Lorenzo", "gruppo_id": "0", "ordinanza": "48169/2000 (Istituzione area pedonale urbana)", "deroghe": "veicoli diretti alle proprieta' private,veicoli connessi alle funzioni religiose,velocipedi", "val_inizio": null, "val_fine": "2050-01-01 00:00:00+01", "delibera": null, "tratto": null, "note": null, "cartello": "AP", "dissuasori": null, "name": "Municipio 1", "ANNO": 2000, "area": 6832.801 }, "geometry": { "type": "MultiPolygon", "coordinates": [ [ [ [ 9.181036880300503, 45.459007955940997 ], [ 9.18125745424928, 45.45903019937856 ], [ 9.181221471470872, 45.458696948181775 ], [ 9.18140852303641, 45.458555875686891 ], [ 9.181382201259494, 45.458324140839835 ], [ 9.181541018626657, 45.458313267790203 ], [ 9.181517477629779, 45.45807135738643 ], [ 9.181351208803866, 45.458071620994147 ], [ 9.181339469011036, 45.457920152220247 ], [ 9.18136949094322, 45.457909393414681 ], [ 9.181804142210968, 45.457884850988265 ], [ 9.181845325196486, 45.4577650718185 ], [ 9.181746971325543, 45.45776522806333 ], [ 9.181384396052332, 45.457810988503304 ], [ 9.181342344361552, 45.457659567762946 ], [ 9.181330811929314, 45.457652835262138 ], [ 9.181266743678924, 45.457615672484899 ], [ 9.181255339738367, 45.457609119793581 ], [ 9.181081645335944, 45.457646659046929 ], [ 9.181044080404863, 45.457418092236701 ], [ 9.180795736677659, 45.457469070657922 ], [ 9.180824739784592, 45.45770026137609 ], [ 9.180583197613718, 45.457799024069857 ], [ 9.180598941534011, 45.458003592697743 ], [ 9.180648208161783, 45.458011525857529 ], [ 9.180651968010839, 45.458027451749871 ], [ 9.180897747027133, 45.458053706559262 ], [ 9.180940833431915, 45.458529523007748 ], [ 9.181036880300503, 45.459007955940997 ] ] ] ] } },
{ "type": "Feature", "properties": { "id_amat": 92, "tipo": "AP", "nome": "Via Cesariano", "gruppo_id": "0", "ordinanza": "40689/1995", "deroghe": "veicoli diretti alle proprieta' private,velocipedi", "val_inizio": "1995-07-18 00:00:00+02", "val_fine": "2050-01-01 00:00:00+01", "delibera": null, "tratto": "compreso da via Canonica e SS Trinità", "note": null, "cartello": "AP", "dissuasori": null, "name": "Municipio 1", "ANNO": 1995, "area": 4216.626 }, "geometry": { "type": "MultiPolygon", "coordinates": [ [ [ [ 9.177408353612137, 45.478552592739653 ], [ 9.177427501162501, 45.478538431486193 ], [ 9.177337286678632, 45.478493566312636 ], [ 9.17730587696002, 45.47847345273874 ], [ 9.176551133485331, 45.477983884996704 ], [ 9.176526025009668, 45.477973842606779 ], [ 9.176505768322237, 45.477960552368359 ], [ 9.176383637614812, 45.478019787226557 ], [ 9.176310182298808, 45.478056084435053 ], [ 9.176053670414685, 45.478185283636321 ], [ 9.17607905493629, 45.478201806425417 ], [ 9.176579435672144, 45.478525881580801 ], [ 9.176869949909268, 45.478714363962617 ], [ 9.176883817811884, 45.478730274299132 ], [ 9.176887651881524, 45.478810827320167 ], [ 9.176929719136659, 45.47880212133343 ], [ 9.176942116403621, 45.478797781687099 ], [ 9.176965743681107, 45.478825018183699 ], [ 9.176998168042743, 45.478842249960834 ], [ 9.177059322344446, 45.478840895224941 ], [ 9.177122779391521, 45.478839446882475 ], [ 9.177131863001915, 45.478839252803731 ], [ 9.17713429510386, 45.478839609079422 ], [ 9.177135446900291, 45.478839697306704 ], [ 9.177136598415233, 45.478839695524393 ], [ 9.177137877594774, 45.47883960353451 ], [ 9.177139028265206, 45.478839331723528 ], [ 9.177140050989525, 45.478839060110538 ], [ 9.177141073150816, 45.478838608478448 ], [ 9.17714311803638, 45.478837885233332 ], [ 9.177146569202913, 45.478836799771493 ], [ 9.177147719310208, 45.478836347941282 ], [ 9.177148613243784, 45.478835806497607 ], [ 9.177149506614301, 45.478835085034795 ], [ 9.177150144092609, 45.478834363968076 ], [ 9.177151034366343, 45.478832652400101 ], [ 9.177151287724827, 45.478831841917952 ], [ 9.177151668466342, 45.478830851218667 ], [ 9.177151921261757, 45.47882986071739 ], [ 9.177151918165011, 45.478828870612247 ], [ 9.1771517874037, 45.47882797071469 ], [ 9.177151400468729, 45.478826981203682 ], [ 9.17715075764162, 45.478825992088758 ], [ 9.177149217221411, 45.478824374293261 ], [ 9.177143958764603, 45.478820331982874 ], [ 9.177142291524714, 45.478819074423555 ], [ 9.177140496338843, 45.478817817062257 ], [ 9.17713857377, 45.478816739918074 ], [ 9.177120889067435, 45.47880776628952 ], [ 9.177108965037011, 45.478799773853453 ], [ 9.177104861758236, 45.478796899883498 ], [ 9.177093314816039, 45.478786746622312 ], [ 9.177093312283183, 45.478785936536262 ], [ 9.177081418090724, 45.478787485110736 ], [ 9.177079602645895, 45.478779747060067 ], [ 9.177078919579522, 45.478765886577499 ], [ 9.177079281749036, 45.478758955247372 ], [ 9.177080037324036, 45.478755083648416 ], [ 9.177080919719208, 45.478750851813238 ], [ 9.177081553257709, 45.478748870613046 ], [ 9.177103536029536, 45.478741185747175 ], [ 9.177099890956582, 45.478680254619533 ], [ 9.177138434161657, 45.478608456999936 ], [ 9.177141369872428, 45.478606202206024 ], [ 9.177215510717003, 45.478584485024932 ], [ 9.177266436698478, 45.478585576285909 ], [ 9.177287684953473, 45.478588513702064 ], [ 9.177290629109478, 45.4785889591912 ], [ 9.177302920615503, 45.47859173045935 ], [ 9.177314321294132, 45.478596033276332 ], [ 9.177325851892634, 45.478600965960908 ], [ 9.177332264106578, 45.478605726555315 ], [ 9.177340817296155, 45.478599592621912 ], [ 9.177349659631526, 45.478604079419682 ], [ 9.177408353612137, 45.478552592739653 ] ] ] ] } },
{ "type": "Feature", "properties": { "id_amat": 93, "tipo": "AP", "nome": "Gramsci - Canonica - Sabatelli", "gruppo_id": "0", "ordinanza": "39632/1994,50893/2002 (istituzione area pedonale urbana)", "deroghe": "carico e scarico merci (lun-sab dalle 8:00 alle 18:00,  max 30 min., con accesso da via Canonica), velocipedi, residenti", "val_inizio": "2013-08-27 00:00:00+02", "val_fine": "2050-01-01 00:00:00+01", "delibera": null, "tratto": "piazza Gramsci (escluso lato carreggiata in continuità con via Procaccini), via Sabatelli, via Canonica, via Giovanni Battista Bertini", "note": "modificata dall'ordinanza 50893", "cartello": "AP", "dissuasori": null, "name": "Municipio 8", "ANNO": 2002, "area": 7996.552 }, "geometry": { "type": "MultiPolygon", "coordinates": [ [ [ [ 9.167926774694111, 45.481743889273638 ], [ 9.168584084252362, 45.48217830111421 ], [ 9.169343337611032, 45.481612817914296 ], [ 9.169125271777769, 45.481472904841262 ], [ 9.169807826978991, 45.481150018623673 ], [ 9.169618464606518, 45.481024015436013 ], [ 9.16893590930281, 45.481346720509471 ], [ 9.168713103790925, 45.481204293359966 ], [ 9.16854373941759, 45.481090140226989 ], [ 9.168305674439093, 45.480935853430914 ], [ 9.16825978031175, 45.480906397640247 ], [ 9.168129301231421, 45.481003170067858 ], [ 9.168200574597911, 45.481047710290454 ], [ 9.168557734396597, 45.481278330439608 ], [ 9.168389981857228, 45.48140504134934 ], [ 9.168385365953116, 45.481401807781857 ], [ 9.168108333983012, 45.481612388246617 ], [ 9.167926774694111, 45.481743889273638 ] ] ] ] } },
{ "type": "Feature", "properties": { "id_amat": 96, "tipo": "AP", "nome": "Agnello", "gruppo_id": "0", "ordinanza": "448/2016 (delimitazione di area pedonale)", "deroghe": "velocipedi, possessori di box o posto auto, carico e scarico merci (dalle 2:00 alle 9:00), ulteriori veicoli appositamente autorizzati", "val_inizio": null, "val_fine": "2050-01-01 00:00:00+01", "delibera": "2262/2016", "tratto": "da Piazza San Fedele a via Ragazzi del 99", "note": null, "cartello": "AP", "dissuasori": null, "name": "Municipio 1", "ANNO": 2016, "area": 262.745 }, "geometry": { "type": "MultiPolygon", "coordinates": [ [ [ [ 9.191274189715125, 45.466334338647989 ], [ 9.191306115382798, 45.466356247764992 ], [ 9.191512918931487, 45.466230697653309 ], [ 9.191525685424043, 45.466223205439626 ], [ 9.191523505654677, 45.466221678914692 ], [ 9.191525037317104, 45.46622068623892 ], [ 9.191525037012827, 45.466220596229221 ], [ 9.19155503248896, 45.466201283838046 ], [ 9.191474353117194, 45.466136521516908 ], [ 9.191209973231281, 45.466296011618972 ], [ 9.191274189715125, 45.466334338647989 ] ] ] ] } },
{ "type": "Feature", "properties": { "id_amat": 97, "tipo": "AP", "nome": "Area Scala - San Fedele sottoambito Via Marino", "gruppo_id": "0", "ordinanza": "35309/1990 (Istituzione area pedonale urbana)", "deroghe": "velocipedi", "val_inizio": null, "val_fine": "2050-01-01 00:00:00+01", "delibera": null, "tratto": null, "note": null, "cartello": "AP", "dissuasori": null, "name": "Municipio 1", "ANNO": 1990, "area": 771.46 }, "geometry": { "type": "MultiPolygon", "coordinates": [ [ [ [ 9.190113790994278, 45.466471737776871 ], [ 9.19020327630566, 45.466530725766098 ], [ 9.190275282491829, 45.466489021347058 ], [ 9.190280542549653, 45.466493603120163 ], [ 9.190541248156128, 45.466343572363655 ], [ 9.190538664979609, 45.466336195829101 ], [ 9.190671314313789, 45.466259556218873 ], [ 9.190929949895889, 45.466103227304338 ], [ 9.190846568748414, 45.466033608495991 ], [ 9.190555236957398, 45.466205023379182 ], [ 9.190547418253313, 45.466200355868985 ], [ 9.190504138084181, 45.466225360755352 ], [ 9.190513248372154, 45.466233716536166 ], [ 9.190113790994278, 45.466471737776871 ] ] ] ] } },
{ "type": "Feature", "properties": { "id_amat": 98, "tipo": "AP", "nome": "Area Scala - San Fedele sottoambito Piazza San Fedele", "gruppo_id": "0", "ordinanza": null, "deroghe": null, "val_inizio": null, "val_fine": "2050-01-01 00:00:00+01", "delibera": null, "tratto": null, "note": null, "cartello": "AP", "dissuasori": null, "name": "Municipio 1", "ANNO": -1, "area": 1932.108 }, "geometry": { "type": "MultiPolygon", "coordinates": [ [ [ [ 9.191306115382798, 45.466356247764992 ], [ 9.191274189715125, 45.466334338647989 ], [ 9.191209973231281, 45.466296011618972 ], [ 9.190929949895889, 45.466103227304338 ], [ 9.190671314313789, 45.466259556218873 ], [ 9.191150390800964, 45.466721229299793 ], [ 9.191239565862244, 45.466687866540219 ], [ 9.191205327475995, 45.466662990934125 ], [ 9.191226246860865, 45.466645403989837 ], [ 9.19125381798816, 45.466627805924205 ], [ 9.191233943852815, 45.466613977570653 ], [ 9.191218175568505, 45.466603832770275 ], [ 9.191266666022051, 45.466568647754649 ], [ 9.191294234060301, 45.466550149582289 ], [ 9.191336094260668, 45.466521366344281 ], [ 9.191369053740502, 45.46654633406083 ], [ 9.191417534623529, 45.466508358680855 ], [ 9.191455613595476, 45.466534127900125 ], [ 9.191446418999671, 45.466538733803468 ], [ 9.191471422360268, 45.466556243955488 ], [ 9.191534342412016, 45.466513653844366 ], [ 9.191306115382798, 45.466356247764992 ] ] ] ] } },
{ "type": "Feature", "properties": { "id_amat": 100, "tipo": "AP", "nome": "Foscolo - Berchet - San Raffaele", "gruppo_id": "0", "ordinanza": "448/2016 (delimitazione di area pedonale)", "deroghe": "velocipedi, possessori di box o posto auto, carico e scarico merci (dalle 2:00 alle 9:00), ulteriori veicoli appositamente autorizzati", "val_inizio": "2012-06-29 00:00:00+02", "val_fine": "2050-01-01 00:00:00+01", "delibera": "1403/2012", "tratto": "tutte", "note": null, "cartello": "AP", "dissuasori": null, "name": "Municipio 1", "ANNO": 2016, "area": 2690.17 }, "geometry": { "type": "MultiPolygon", "coordinates": [ [ [ [ 9.191209891178605, 45.465551537386624 ], [ 9.190818338055276, 45.465551470920531 ], [ 9.190818317744791, 45.46554544027056 ], [ 9.190817804510147, 45.465317085227724 ], [ 9.19081739312794, 45.465080989127493 ], [ 9.190817064818134, 45.464907539990094 ], [ 9.190800563849402, 45.464907567505328 ], [ 9.190797238072761, 45.464907573050766 ], [ 9.190658340506742, 45.464913025155525 ], [ 9.190659645004867, 45.465072611093731 ], [ 9.190660059957322, 45.465195924394251 ], [ 9.190660386069583, 45.465330849157247 ], [ 9.190660552658164, 45.465380354494926 ], [ 9.190660978218226, 45.465506818128354 ], [ 9.190661006689965, 45.465515279040389 ], [ 9.190661030012565, 45.465522209787473 ], [ 9.190669344544597, 45.465522195933509 ], [ 9.190669423299742, 45.465545598456039 ], [ 9.190669704911839, 45.465667291784783 ], [ 9.190669784879157, 45.465691054345506 ], [ 9.190661470322301, 45.46569106819954 ], [ 9.190656481588185, 45.465691076511682 ], [ 9.190661881955844, 45.465813391379967 ], [ 9.190822161374347, 45.465813124209042 ], [ 9.190822152582987, 45.465810513927821 ], [ 9.190821156485597, 45.465666679283686 ], [ 9.190821138599908, 45.46566136871143 ], [ 9.19119274211473, 45.465662818655638 ], [ 9.19118838107357, 45.465697209840329 ], [ 9.191313249538707, 45.465703571884873 ], [ 9.191318521722657, 45.465673859702704 ], [ 9.191320403384976, 45.465662875311665 ], [ 9.191323165262428, 45.465647388938613 ], [ 9.191336468130721, 45.465571488092174 ], [ 9.191339982600466, 45.465551589959922 ], [ 9.19134751255659, 45.465508642499842 ], [ 9.191348267588273, 45.465504950818762 ], [ 9.191341102173794, 45.465504332729211 ], [ 9.19135416708926, 45.465433742878986 ], [ 9.191356982146043, 45.465434008202045 ], [ 9.191361332798941, 45.465434450977469 ], [ 9.1913622099683, 45.465429048898045 ], [ 9.191365717732054, 45.465407170551117 ], [ 9.191360344060339, 45.465406819496884 ], [ 9.191360717775064, 45.465403848535033 ], [ 9.191352785183634, 45.465403321739373 ], [ 9.191356413265121, 45.465379192936197 ], [ 9.191361659322645, 45.46537963421423 ], [ 9.191366536152614, 45.465346502301344 ], [ 9.191363081522777, 45.465346238048106 ], [ 9.191366581984884, 45.465322199468012 ], [ 9.191374898615345, 45.465322815630635 ], [ 9.191375524207256, 45.465318674114691 ], [ 9.191385504041714, 45.465319377505132 ], [ 9.191388747445753, 45.465294979313342 ], [ 9.191449173050897, 45.464855268345829 ], [ 9.191449035148862, 45.464776599645859 ], [ 9.191311659567839, 45.464778089549135 ], [ 9.191311676587281, 45.464783130092947 ], [ 9.191311767762924, 45.464810133006026 ], [ 9.19131186532101, 45.464839026122917 ], [ 9.191311895712964, 45.464848027093858 ], [ 9.191294627653011, 45.464961828876952 ], [ 9.191281491983691, 45.465049340764828 ], [ 9.191240318527582, 45.465319170190568 ], [ 9.191230588110976, 45.465392364752745 ], [ 9.191229840060368, 45.46539812665624 ], [ 9.191209891178605, 45.465551537386624 ] ] ] ] } },
{ "type": "Feature", "properties": { "id_amat": 101, "tipo": "AP", "nome": "Via Santa Redegonda", "gruppo_id": "0", "ordinanza": "448/2016 (delimitazione di area pedonale)", "deroghe": "velocipedi, possessori di box o posto auto, carico e scarico merci (dalle 2:00 alle 9:00), ulteriori veicoli appositamente autorizzati", "val_inizio": "2012-06-29 00:00:00+02", "val_fine": "2050-01-01 00:00:00+01", "delibera": "1403/2012", "tratto": "tutta", "note": null, "cartello": "AP", "dissuasori": null, "name": "Municipio 1", "ANNO": 2016, "area": 923.411 }, "geometry": { "type": "MultiPolygon", "coordinates": [ [ [ [ 9.192342926635609, 45.464783111489666 ], [ 9.192343564984336, 45.464782750375775 ], [ 9.192350202771637, 45.464778688758081 ], [ 9.19235889390764, 45.464776603913016 ], [ 9.192210126052847, 45.464775773781732 ], [ 9.192209129383315, 45.464896749188725 ], [ 9.192208110647897, 45.464898101053222 ], [ 9.191793503539461, 45.465454879826957 ], [ 9.191748040505621, 45.465514902817354 ], [ 9.191713007096226, 45.465557356325412 ], [ 9.191712879484841, 45.465557446549425 ], [ 9.191689050560527, 45.465584489531956 ], [ 9.191663671700697, 45.465607124605413 ], [ 9.1916260372279, 45.46563698101405 ], [ 9.191593369227624, 45.465660258349637 ], [ 9.19155391616232, 45.465681926850607 ], [ 9.191520969454213, 45.465698453866544 ], [ 9.191511774999377, 45.465703059775606 ], [ 9.191482275619004, 45.465717690796346 ], [ 9.191359943073861, 45.46578045253203 ], [ 9.191411771845953, 45.465824920896416 ], [ 9.191521209212629, 45.465769381505723 ], [ 9.191577907323289, 45.465740663349727 ], [ 9.19160037738034, 45.465727844278668 ], [ 9.191604207564946, 45.465725677620391 ], [ 9.191639316967921, 45.465705636560571 ], [ 9.191643019537702, 45.465703560124894 ], [ 9.191685406130505, 45.465679366393402 ], [ 9.191715527354063, 45.46565951368634 ], [ 9.191735428058951, 45.465643458525875 ], [ 9.191756345379424, 45.465625421433757 ], [ 9.191759147348098, 45.46562181633 ], [ 9.191787040927316, 45.46558630556116 ], [ 9.191820920922506, 45.465543223892723 ], [ 9.191923451129822, 45.46541253716866 ], [ 9.191914229619577, 45.465409132247125 ], [ 9.192028331328311, 45.465258263730625 ], [ 9.192028968159073, 45.465257452570015 ], [ 9.192081687063995, 45.465187156121146 ], [ 9.192084376637965, 45.46518814171862 ], [ 9.192164603537996, 45.465081974985658 ], [ 9.192267880362143, 45.464945616044346 ], [ 9.192266087114769, 45.464944898975745 ], [ 9.192303776911976, 45.464893889858622 ], [ 9.192316639444295, 45.464877126340973 ], [ 9.192343261719769, 45.464844137854385 ], [ 9.192343633545867, 45.464840626830885 ], [ 9.192340560240979, 45.46483964188446 ], [ 9.192340803427797, 45.464798236775316 ], [ 9.192340904758595, 45.464790405715974 ], [ 9.192340898341905, 45.464788515512176 ], [ 9.192342926635609, 45.464783111489666 ] ] ] ] } },
{ "type": "Feature", "properties": { "id_amat": 102, "tipo": "AP", "nome": "Via Marino tratto iniziale fino a Piaza San Fedele", "gruppo_id": "0", "ordinanza": "448/2016 (delimitazione di area pedonale)", "deroghe": "velocipedi, possessori di box o posto auto, carico e scarico merci (dalle 2:00 alle 9:00), ulteriori veicoli appositamente autorizzati", "val_inizio": "2015-05-25 00:00:00+02", "val_fine": "2050-01-01 00:00:00+01", "delibera": "1403/2012", "tratto": "compreso tra via Ragazzi del 99 e piazza San Fedele", "note": null, "cartello": "AP", "dissuasori": null, "name": "Municipio 1", "ANNO": 2016, "area": 293.1 }, "geometry": { "type": "MultiPolygon", "coordinates": [ [ [ [ 9.190846568748414, 45.466033608495991 ], [ 9.190929949895889, 45.466103227304338 ], [ 9.191196125065973, 45.465945084998303 ], [ 9.191108760191977, 45.465870072423613 ], [ 9.190851651168154, 45.466023428866841 ], [ 9.190856142211, 45.466027561845443 ], [ 9.190846568748414, 45.466033608495991 ] ] ] ] } },
{ "type": "Feature", "properties": { "id_amat": 103, "tipo": "AP", "nome": "Ampère", "gruppo_id": "0", "ordinanza": "38540/1993 (Istituzione area pedonale urbana)", "deroghe": "vlocipedi", "val_inizio": null, "val_fine": "2050-01-01 00:00:00+01", "delibera": null, "tratto": "compreso da via Da Compagni a via Leonardo da Vinci", "note": null, "cartello": "AP", "dissuasori": null, "name": "Municipio 3", "ANNO": 1993, "area": 1744.322 }, "geometry": { "type": "MultiPolygon", "coordinates": [ [ [ [ 9.226389115540428, 45.48016771191908 ], [ 9.226389115540428, 45.48016771191908 ], [ 9.226645653086024, 45.48016729396273 ], [ 9.226665062405534, 45.47942251289669 ], [ 9.226386098997255, 45.47941334420949 ], [ 9.226389115540428, 45.48016771191908 ] ] ] ] } },
{ "type": "Feature", "properties": { "id_amat": 105, "tipo": "AP", "nome": "Santa Croce", "gruppo_id": "0", "ordinanza": "64255/2010, 64503/2010, 969/2015", "deroghe": "carico e scarico merci (lun-sab dalle 10:00 alle 14:00), velocipedi, residenti e domicicliati, possessori di box o posto auto, veicoli di emergenza", "val_inizio": "2010-03-25 00:00:00+01", "val_fine": "2050-01-01 00:00:00+01", "delibera": "6896/1989", "tratto": "Tutta la via Santa Croce, Piazza Sant'Eustorgio lato civici pari, via Banfi n. 5", "note": null, "cartello": "AP", "dissuasori": "1 PILOMAT CATENA PANETTONI", "name": "Municipio 1", "ANNO": 2010, "area": 4996.771 }, "geometry": { "type": "MultiPolygon", "coordinates": [ [ [ [ 9.183655615174901, 45.455398869178644 ], [ 9.183187452420171, 45.454783048521023 ], [ 9.182490250739848, 45.454049137682624 ], [ 9.18182874666994, 45.453673587179487 ], [ 9.181608367127014, 45.453585816949378 ], [ 9.181019346718095, 45.453397818359861 ], [ 9.180425175324908, 45.453237638061921 ], [ 9.180441993499445, 45.453338333182273 ], [ 9.181202466563771, 45.453592401061812 ], [ 9.181201958748206, 45.453593572001019 ], [ 9.181156163615888, 45.453710297974382 ], [ 9.181769771787188, 45.453787724036303 ], [ 9.181794596188709, 45.453792005102038 ], [ 9.182399801483143, 45.454119129944758 ], [ 9.183066751495019, 45.454831757265637 ], [ 9.183097045887578, 45.454866362793346 ], [ 9.182717166449804, 45.455013056801569 ], [ 9.182720763225241, 45.455097300766695 ], [ 9.182771732125683, 45.455395873777157 ], [ 9.182772534312049, 45.455406673739901 ], [ 9.182778159679497, 45.455445729254045 ], [ 9.182851038450453, 45.455439312103351 ], [ 9.182829116626339, 45.455304241568143 ], [ 9.182829243357878, 45.455303881324213 ], [ 9.182829370089413, 45.455303521080239 ], [ 9.182829625004098, 45.455303250641883 ], [ 9.182830135414113, 45.455302889784939 ], [ 9.182830902190432, 45.455302708539179 ], [ 9.182827354439553, 45.455273370827207 ], [ 9.182826714975741, 45.455273371848811 ], [ 9.182826202824062, 45.455273192646331 ], [ 9.182825690672381, 45.455273013443815 ], [ 9.182825562198985, 45.455272833628314 ], [ 9.182825305542513, 45.455272564007259 ], [ 9.182825176778797, 45.455272294181846 ], [ 9.182798829408027, 45.45507359337477 ], [ 9.182798829408027, 45.45507359337477 ], [ 9.182849680896874, 45.455058120360768 ], [ 9.183145617298747, 45.454936943213013 ], [ 9.183465448125546, 45.455362720017135 ], [ 9.183465615061552, 45.45541429568955 ], [ 9.183655615174901, 45.455398869178644 ] ] ] ] } },
{ "type": "Feature", "properties": { "id_amat": 107, "tipo": "AP", "nome": "Spallanzani", "gruppo_id": "0", "ordinanza": "53818/2003 (Istituzione area pedonale urbana)", "deroghe": "veicoli diretti alle proprieta' private,velocipedi", "val_inizio": null, "val_fine": "2050-01-01 00:00:00+01", "delibera": "91/2003", "tratto": "tra piazza Santa Francesca Romana e via Melzo", "note": null, "cartello": "AP", "dissuasori": null, "name": "Municipio 3", "ANNO": 2003, "area": 2229.568 }, "geometry": { "type": "MultiPolygon", "coordinates": [ [ [ [ 9.207112281463122, 45.475745047512554 ], [ 9.206782385472673, 45.475551402533114 ], [ 9.206019275222742, 45.475072125484587 ], [ 9.205733671644964, 45.474777856452377 ], [ 9.205634529379273, 45.474815658886897 ], [ 9.206037494811394, 45.475227180002648 ], [ 9.206078864745875, 45.475204602982416 ], [ 9.206522183220999, 45.475523519340207 ], [ 9.206509571478884, 45.475538393762498 ], [ 9.206978602180332, 45.475819907750036 ], [ 9.207112281463122, 45.475745047512554 ] ] ], [ [ [ 9.207606089094801, 45.476187902062904 ], [ 9.207733974145279, 45.476102970491802 ], [ 9.207322468225167, 45.475879861925598 ], [ 9.2073057825171, 45.475830296624963 ], [ 9.207103316966393, 45.475882599089452 ], [ 9.207606089094801, 45.476187902062904 ] ] ] ] } },
{ "type": "Feature", "properties": { "id_amat": 108, "tipo": "AP", "nome": "San Vittore", "gruppo_id": "0", "ordinanza": "65365/2010 (Istituzione area pedonale urbana)", "deroghe": "velocipedi, veicoli diretti alle proprieta' private,veicoli connessi alle funzioni religiose", "val_inizio": null, "val_fine": "2050-01-01 00:00:00+01", "delibera": null, "tratto": null, "note": null, "cartello": "AP", "dissuasori": null, "name": "Municipio 1", "ANNO": 2010, "area": 1608.856 }, "geometry": { "type": "MultiPolygon", "coordinates": [ [ [ [ 9.170087207941203, 45.462888714164144 ], [ 9.170164564448806, 45.462964117776338 ], [ 9.170201360158734, 45.462949931455228 ], [ 9.170483785207814, 45.463204420127305 ], [ 9.170865804416147, 45.463102318894379 ], [ 9.170408970263143, 45.462698313919418 ], [ 9.170087207941203, 45.462888714164144 ] ] ] ] } },
{ "type": "Feature", "properties": { "id_amat": 112, "tipo": "AP", "nome": "Sarpi - sottoambito A", "gruppo_id": "0", "ordinanza": "65941/2011,71009/2014", "deroghe": "carico e scarico merci (dalle 9:00 alle 12:00 e dalle 16:00 alle 17:00 con uscita esclusivamente in via Lomazzo), velocipedi, taxi, residenti e domiciliati, possessori di box o posto auto", "val_inizio": "2011-03-30 00:00:00+02", "val_fine": "2050-01-01 00:00:00+01", "delibera": "3081/2010", "tratto": "Via P. Sarpi tra Largo Carlo E. Gadda e via Lomazzo - Via A. Albertini", "note": "integrata da ordinanza n.66004 del 11.04.2011", "cartello": "AP", "dissuasori": "1 TELECAMERA", "name": "Municipio 8", "ANNO": 2011, "area": 3865.341 }, "geometry": { "type": "MultiPolygon", "coordinates": [ [ [ [ 9.172146569500997, 45.481035812618913 ], [ 9.170524284462473, 45.48091312732771 ], [ 9.170479752576009, 45.480826514072575 ], [ 9.170399900674436, 45.480865607298632 ], [ 9.170155260337236, 45.480994235454638 ], [ 9.171864711247808, 45.481126516203062 ], [ 9.172820356866001, 45.481201495634181 ], [ 9.17295785110772, 45.481099936722202 ], [ 9.172556617262138, 45.481065528487697 ], [ 9.172160323740709, 45.480804106287493 ], [ 9.171490198271194, 45.480366583775094 ], [ 9.171437625056093, 45.480329038368183 ], [ 9.17135649420767, 45.480367864152228 ], [ 9.171509321116519, 45.480470336616307 ], [ 9.171514956633015, 45.480472218380598 ], [ 9.171695340306334, 45.480590131009329 ], [ 9.17187733263891, 45.480689768911958 ], [ 9.171870769926064, 45.480804001412828 ], [ 9.172156658124493, 45.480987282075311 ], [ 9.172146569500997, 45.481035812618913 ] ] ] ] } },
{ "type": "Feature", "properties": { "id_amat": 113, "tipo": "AP", "nome": "De Roberto", "gruppo_id": "0", "ordinanza": "60773/2007 (Istituzione area pedonale urbana)", "deroghe": "veicoli diretti alle proprieta' private,veicoli connessi alle funzioni religiose,veicoli di pubblica utilita',velocipedi", "val_inizio": "2007-11-26 00:00:00+01", "val_fine": "2050-01-01 00:00:00+01", "delibera": "679336/2007", "tratto": "da via Ungaretti a via Di Lorenzo", "note": null, "cartello": "AP", "dissuasori": null, "name": "Municipio 8", "ANNO": 2007, "area": 2716.011 }, "geometry": { "type": "MultiPolygon", "coordinates": [ [ [ [ 9.140532423927704, 45.515861430290123 ], [ 9.141757884680297, 45.51604668922154 ], [ 9.141827685479431, 45.515800787094243 ], [ 9.1406103006263, 45.515617499194079 ], [ 9.140532423927704, 45.515861430290123 ] ] ] ] } },
{ "type": "Feature", "properties": { "id_amat": 114, "tipo": "AP", "nome": "Via Lelio Basso", "gruppo_id": "0", "ordinanza": "54081/2004 (Istituzione area pedonale urbana)", "deroghe": "veicoli diretti alle proprieta' private,velocipedi", "val_inizio": "2004-01-19 00:00:00+01", "val_fine": "2050-01-01 00:00:00+01", "delibera": "16/2004", "tratto": "dal civico 7 al civico 9 compresi", "note": null, "cartello": "AP", "dissuasori": null, "name": "Municipio 5", "ANNO": 2004, "area": 1132.889 }, "geometry": { "type": "MultiPolygon", "coordinates": [ [ [ [ 9.17394744553931, 45.404856250426178 ], [ 9.174119636448179, 45.404837986344219 ], [ 9.174059577783417, 45.404378660699258 ], [ 9.174008330833859, 45.404376128306176 ], [ 9.173959841238139, 45.404064043268527 ], [ 9.173893971581691, 45.40408484594515 ], [ 9.173766006810341, 45.404190803443861 ], [ 9.173891269270527, 45.404412490725917 ], [ 9.17394744553931, 45.404856250426178 ] ] ] ] } },
{ "type": "Feature", "properties": { "id_amat": 115, "tipo": "AP", "nome": "Domenico Berra", "gruppo_id": "0", "ordinanza": "52586/2003 (Istituzione area pedonale urbana)", "deroghe": "veicoli diretti alle proprieta' private,veicoli addetti per servizi religiosi, velocipedi", "val_inizio": null, "val_fine": "2050-01-01 00:00:00+01", "delibera": "2612/2003", "tratto": "compresa tra via Santa Maria Rossa e il n.c. 19", "note": null, "cartello": "AP", "dissuasori": null, "name": "Municipio 2", "ANNO": 2003, "area": 1222.219 }, "geometry": { "type": "MultiPolygon", "coordinates": [ [ [ [ 9.248638503411101, 45.508958749153535 ], [ 9.248660334959094, 45.508916217199811 ], [ 9.248660679420823, 45.508907215498333 ], [ 9.248780449130397, 45.508778961520264 ], [ 9.248819076041007, 45.508596788222839 ], [ 9.248846106639744, 45.508281246003399 ], [ 9.248877885505401, 45.507852101386312 ], [ 9.248891410552822, 45.507725698557408 ], [ 9.248745206625163, 45.50772250621926 ], [ 9.248746097453935, 45.508448881267171 ], [ 9.248737878781006, 45.508472121599276 ], [ 9.248721526814782, 45.508479807966971 ], [ 9.248692309381434, 45.508705795418933 ], [ 9.248656780520072, 45.508748357157238 ], [ 9.248626688112754, 45.508775425428702 ], [ 9.248539031985548, 45.508812249802361 ], [ 9.248638503411101, 45.508958749153535 ] ] ] ] } },
{ "type": "Feature", "properties": { "id_amat": 116, "tipo": "AP", "nome": "Filodrammatici", "gruppo_id": "0", "ordinanza": "57973/2006 (Istituzione area pedonale urbana)", "deroghe": "veicoli diretti alle proprieta' private", "val_inizio": "2006-04-03 00:00:00+02", "val_fine": "2050-01-01 00:00:00+01", "delibera": "1908/2005", "tratto": "tutta Via Filodrammatici - Piazzetta Cuccia", "note": null, "cartello": "AP", "dissuasori": null, "name": "Municipio 1", "ANNO": 2006, "area": 937.682 }, "geometry": { "type": "MultiPolygon", "coordinates": [ [ [ [ 9.188244324201793, 45.467531007914985 ], [ 9.188245346069968, 45.467530556183092 ], [ 9.18833119097431, 45.467648958331111 ], [ 9.188488809451149, 45.467577860807211 ], [ 9.188476102498154, 45.467565010282208 ], [ 9.188430431973748, 45.467525751049166 ], [ 9.188392456486875, 45.467492419800827 ], [ 9.188397053837466, 45.467490071967376 ], [ 9.18863023871061, 45.4673702443149 ], [ 9.18887606985121, 45.467245354740932 ], [ 9.188810608785779, 45.467178855236973 ], [ 9.18876604190441, 45.467202061379872 ], [ 9.188771048466498, 45.467207363721549 ], [ 9.18872329524571, 45.467234085500976 ], [ 9.188732530955075, 45.467241721134016 ], [ 9.188398981252092, 45.467415720388523 ], [ 9.188269679473361, 45.467462108417458 ], [ 9.188136050008168, 45.467515074157625 ], [ 9.187814946860259, 45.467663038294326 ], [ 9.187541063481621, 45.467777890413885 ], [ 9.1875822781109, 45.467823728047598 ], [ 9.187940443077711, 45.467664632454394 ], [ 9.188243811921906, 45.46753082873736 ], [ 9.188244324201793, 45.467531007914985 ] ] ] ] } },
{ "type": "Feature", "properties": { "id_amat": 117, "tipo": "AP", "nome": "Via Bresciani Turroni", "gruppo_id": "0", "ordinanza": "57175/2005 (Istituzione area pedonale urbana)", "deroghe": "veicoli diretti all'interno delle prorprietà private", "val_inizio": null, "val_fine": "2050-01-01 00:00:00+01", "delibera": "1906/2005", "tratto": "tutta", "note": null, "cartello": "AP", "dissuasori": null, "name": "Municipio 2", "ANNO": 2005, "area": 1048.659 }, "geometry": { "type": "MultiPolygon", "coordinates": [ [ [ [ 9.243303360507703, 45.503604661241809 ], [ 9.243557748235936, 45.503377565682236 ], [ 9.243580176342258, 45.503383998617572 ], [ 9.243954951495198, 45.503024241596577 ], [ 9.244043832805028, 45.502916760537026 ], [ 9.244021263629213, 45.502907267666025 ], [ 9.244141695496074, 45.502754984434638 ], [ 9.244020301776212, 45.502684315882462 ], [ 9.243951837691013, 45.502836488168832 ], [ 9.243836263715652, 45.502987500707853 ], [ 9.243696626564372, 45.503138924432221 ], [ 9.243642198677444, 45.503192056039325 ], [ 9.24337111328567, 45.503435299042231 ], [ 9.24335276087896, 45.503453880067426 ], [ 9.243211472527477, 45.503549320721405 ], [ 9.243303360507703, 45.503604661241809 ] ] ] ] } },
{ "type": "Feature", "properties": { "id_amat": 119, "tipo": "AP", "nome": "Area Brera - Area pedonale C", "gruppo_id": "0", "ordinanza": "66108/2011,66282/2011", "deroghe": "carico e scarico merci (dalle 9:00 alle 12:00 e dalle 16:00 alle 17:00), velocipedi, taxi, residenti, veicoli espressamente autorizzati", "val_inizio": "2011-05-02 00:00:00+02", "val_fine": "2050-01-01 00:00:00+01", "delibera": "2853/2009", "tratto": "Via Brera tra via del Carmine e via Fiori Oscuri,  via Fiori Oscuri tutta", "note": null, "cartello": "AP", "dissuasori": null, "name": "Municipio 1", "ANNO": 2011, "area": 5065.255 }, "geometry": { "type": "MultiPolygon", "coordinates": [ [ [ [ 9.187634431327515, 45.472292375718069 ], [ 9.187640172131841, 45.472287505759368 ], [ 9.187747530825666, 45.471792904168318 ], [ 9.18779318207002, 45.471593906918521 ], [ 9.188271293197364, 45.471643076908087 ], [ 9.188315233018772, 45.471430130692511 ], [ 9.188166664693156, 45.471417593652092 ], [ 9.188149793580338, 45.471422301918849 ], [ 9.188149812713529, 45.471428062534656 ], [ 9.187838929398161, 45.471423982752526 ], [ 9.187838902238196, 45.471415791876794 ], [ 9.187758304436654, 45.471415204067569 ], [ 9.187676195943043, 45.471190313471631 ], [ 9.187650495521192, 45.470924015676168 ], [ 9.187725513044148, 45.4706306396521 ], [ 9.187601478312089, 45.47060879058207 ], [ 9.187547561928838, 45.470822923036685 ], [ 9.187559083187217, 45.470825244416687 ], [ 9.187461521276074, 45.471303538035329 ], [ 9.187371268168457, 45.471516649779581 ], [ 9.187358183720031, 45.471544574337834 ], [ 9.187564995018469, 45.471567548162064 ], [ 9.187496541884107, 45.471873604701855 ], [ 9.1874768811627, 45.471963196969142 ], [ 9.187418297906186, 45.472236653614019 ], [ 9.187417045045938, 45.472321985240661 ], [ 9.187417051299716, 45.47232387544252 ], [ 9.187454808305169, 45.4723290341839 ], [ 9.187577658415663, 45.472339724096351 ], [ 9.187577403149129, 45.472339904534969 ], [ 9.188285479117424, 45.472447023813586 ], [ 9.188722229588757, 45.472520742702002 ], [ 9.189094565651324, 45.472574854170205 ], [ 9.189451984657083, 45.472644020807806 ], [ 9.189473181902629, 45.472593940098882 ], [ 9.189157224489776, 45.472528125381139 ], [ 9.189162186775381, 45.472520016269577 ], [ 9.189092553160183, 45.472508520055129 ], [ 9.189087714891315, 45.472515458827488 ], [ 9.188765160211576, 45.472465945753228 ], [ 9.188207588703474, 45.472376133980241 ], [ 9.187641703430247, 45.472286333117111 ], [ 9.187634431327515, 45.472292375718069 ] ] ] ] } },
{ "type": "Feature", "properties": { "id_amat": 120, "tipo": "AP", "nome": "Via Giulini", "gruppo_id": "0", "ordinanza": "65480/2010 (Istituzione area pedonale urbana)", "deroghe": "carico e scarico merci (lun-sab dalle 7:00 alle 10:00), velocipedi, proprietari di box o posto auto, altri autorizzati", "val_inizio": "2010-12-24 00:00:00+01", "val_fine": "2050-01-01 00:00:00+01", "delibera": "3072/2010", "tratto": "compreso tra via Camperio e via Dante", "note": null, "cartello": "AP", "dissuasori": null, "name": "Municipio 1", "ANNO": 2010, "area": 583.508 }, "geometry": { "type": "MultiPolygon", "coordinates": [ [ [ [ 9.183200599886625, 45.46660569808887 ], [ 9.183209039589428, 45.466604784475685 ], [ 9.183346714899718, 45.466694484158637 ], [ 9.18373461349681, 45.46694580053336 ], [ 9.183753752911413, 45.466930828111714 ], [ 9.183820485236758, 45.466878515031247 ], [ 9.183565650953925, 45.466714925530759 ], [ 9.183251714790405, 45.466510295457098 ], [ 9.183200599886625, 45.46660569808887 ] ] ] ] } },
{ "type": "Feature", "properties": { "id_amat": 121, "tipo": "AP", "nome": "Piazza Borromeo", "gruppo_id": "0", "ordinanza": "58345/2006 (Istituzione area pedonale urbana)", "deroghe": "veicoli diretti all'interno delle proprieta' private", "val_inizio": "2006-06-09 00:00:00+02", "val_fine": "2050-01-01 00:00:00+01", "delibera": "857/2006", "tratto": "tutta", "note": null, "cartello": "AP", "dissuasori": null, "name": "Municipio 1", "ANNO": 2006, "area": 1138.001 }, "geometry": { "type": "MultiPolygon", "coordinates": [ [ [ [ 9.182283341994719, 45.463559326998109 ], [ 9.182796036783385, 45.463725028134391 ], [ 9.182814244840314, 45.463699166110928 ], [ 9.18281296427028, 45.463698718105469 ], [ 9.18277788072387, 45.463687702886894 ], [ 9.182776099249235, 45.463690586059762 ], [ 9.182775715223537, 45.463690496662892 ], [ 9.182775334972035, 45.463691577393028 ], [ 9.182768806535185, 45.463690057645842 ], [ 9.182769569360913, 45.463688616263767 ], [ 9.182751259687258, 45.463682974860092 ], [ 9.182777088163389, 45.463640268758517 ], [ 9.182810677973412, 45.463584768798881 ], [ 9.182815767139235, 45.463576299706659 ], [ 9.182835361255679, 45.463543954727804 ], [ 9.182849446909616, 45.463548702764996 ], [ 9.182847909648464, 45.463547985139343 ], [ 9.182848036688622, 45.463547714905637 ], [ 9.182848419842157, 45.463547534272976 ], [ 9.182909489761871, 45.463525204150088 ], [ 9.182909873205592, 45.463525113526991 ], [ 9.18291038485126, 45.463525112709192 ], [ 9.182910768876047, 45.463525202105629 ], [ 9.182911152900838, 45.463525291502059 ], [ 9.182911537216166, 45.463525470908252 ], [ 9.182911793910618, 45.463525740528681 ], [ 9.182910133386461, 45.463526463264699 ], [ 9.182947058231919, 45.46351353277602 ], [ 9.18298482958663, 45.463525083706621 ], [ 9.182983164412997, 45.463524366287331 ], [ 9.182983419363874, 45.463524095848946 ], [ 9.182983802516805, 45.463523915215823 ], [ 9.182984313871808, 45.463523824387927 ], [ 9.182984697315398, 45.463523733764561 ], [ 9.182984953138225, 45.463523733355494 ], [ 9.182985465074538, 45.46352382254716 ], [ 9.183030924794537, 45.463539591649671 ], [ 9.183030161977467, 45.463541033033515 ], [ 9.183030034938199, 45.463541303267426 ], [ 9.183030036101101, 45.463541663306508 ], [ 9.183030293086917, 45.463542022936444 ], [ 9.183030293668375, 45.463542202955992 ], [ 9.183031444580743, 45.463542111104985 ], [ 9.183031954191451, 45.463541480218218 ], [ 9.183033746405467, 45.463541927402922 ], [ 9.183055711385032, 45.463491216505361 ], [ 9.183048719874735, 45.463504729224667 ], [ 9.183030287263962, 45.463500618236267 ], [ 9.183016322541345, 45.463493709782185 ], [ 9.183001566518328, 45.46347942175224 ], [ 9.18299307844622, 45.463465213707856 ], [ 9.182991235950063, 45.463449194831561 ], [ 9.182995406444473, 45.463433526381003 ], [ 9.183005213748828, 45.463420549223322 ], [ 9.183022555015194, 45.463403599565169 ], [ 9.183037733121177, 45.463390163763592 ], [ 9.183052542315513, 45.463381319072347 ], [ 9.183074768602562, 45.463371922452197 ], [ 9.183093936359294, 45.463366041120651 ], [ 9.183110432813617, 45.463364754582521 ], [ 9.183112718052048, 45.463359440321696 ], [ 9.183043213511107, 45.463344429795633 ], [ 9.183042713787618, 45.463348121014839 ], [ 9.183035822873837, 45.463353172610141 ], [ 9.183027646452574, 45.463356246035787 ], [ 9.18294717292577, 45.463390578606045 ], [ 9.182906958496462, 45.463414675622616 ], [ 9.182829910986458, 45.46348014617665 ], [ 9.182790477717523, 45.463468867880046 ], [ 9.182788440718133, 45.463471841471595 ], [ 9.182598689677874, 45.463414267815665 ], [ 9.182532882450648, 45.463395470649587 ], [ 9.182539285255602, 45.463397710692675 ], [ 9.18253381117113, 45.463405820345834 ], [ 9.182520495075421, 45.46340170111386 ], [ 9.182509613931506, 45.46339901816085 ], [ 9.182497205102004, 45.463398587899071 ], [ 9.182484802939411, 45.463400227860831 ], [ 9.182475225255537, 45.463405103686156 ], [ 9.182467951420056, 45.463410425888476 ], [ 9.182466295820667, 45.463412678784245 ], [ 9.18245598834158, 45.463429257102739 ], [ 9.182447844045402, 45.46344232157216 ], [ 9.182439393789986, 45.463439814757393 ], [ 9.182408151289643, 45.463429873424104 ], [ 9.182420369916757, 45.46341095179725 ], [ 9.182401674895923, 45.463404770890101 ], [ 9.182388829454945, 45.46342765396453 ], [ 9.182376921546448, 45.463423892512438 ], [ 9.182276929337577, 45.463554026608371 ], [ 9.182283341994719, 45.463559326998109 ] ] ] ] } },
{ "type": "Feature", "properties": { "id_amat": 122, "tipo": "AP", "nome": "Sarpi - sottoambito B", "gruppo_id": "0", "ordinanza": "65941/2011,71009/2014", "deroghe": "carico e scarico merci (dalle 9:00 alle 12:00 e dalle 16:00 alle 17:00 con uscita esclusivamente in via Lomazzo), velocipedi, taxi, residenti e domiciliati, possessori di box o posto auto", "val_inizio": "2011-03-30 00:00:00+02", "val_fine": "2050-01-01 00:00:00+01", "delibera": "3081/2010", "tratto": "Via Sarpi tra via Paolo Lomazzo e via Rosmini - Via Signorelli", "note": "integrata da ordinanza n.66004 del 11.04.2011", "cartello": "AP", "dissuasori": "1 TELECAMERA", "name": "Municipio 8", "ANNO": 2014, "area": 1344.648 }, "geometry": { "type": "MultiPolygon", "coordinates": [ [ [ [ 9.173728769856281, 45.481269698019112 ], [ 9.173733238775744, 45.48126663089689 ], [ 9.174020834840345, 45.481295087163666 ], [ 9.174024813234931, 45.481298951542534 ], [ 9.174049496293952, 45.481295133590137 ], [ 9.17461274151043, 45.481336400302233 ], [ 9.17462161796364, 45.481227384701626 ], [ 9.173283049580238, 45.481123747508441 ], [ 9.173160265338794, 45.481223664377346 ], [ 9.173728769856281, 45.481269698019112 ] ] ] ] } },
{ "type": "Feature", "properties": { "id_amat": 123, "tipo": "AP", "nome": "Sarpi - sottoambito C", "gruppo_id": "0", "ordinanza": "65941/2011,71009/2014", "deroghe": "carico e scarico merci (dalle 9:00 alle 12:00 e dalle 16:00 alle 17:00), velocipedi, taxi, residenti e domiciliati, possessori di box o posto auto", "val_inizio": "2011-03-30 00:00:00+02", "val_fine": "2050-01-01 00:00:00+01", "delibera": "3081/2010", "tratto": "Via Sarpi tra via Rosmini e piazza Baiamonti, via Messina da Sarpi a Fioravanti, Via Arnolfo di Cambio", "note": "integrata da ordinanze n.66004 del 11.04.2011 e n. 70793 del", "cartello": "AP", "dissuasori": "1 TELECAMERA", "name": "Municipio 1", "ANNO": 2014, "area": 6266.193 }, "geometry": { "type": "MultiPolygon", "coordinates": [ [ [ [ 9.175738362741573, 45.48142666758455 ], [ 9.175746903682056, 45.481416393334449 ], [ 9.175935074407944, 45.481442297118235 ], [ 9.175935073569113, 45.481442027089663 ], [ 9.176443938313154, 45.481482198226161 ], [ 9.176443813165271, 45.481483098518652 ], [ 9.1765362105679, 45.481488086597992 ], [ 9.176536336275454, 45.481487366324458 ], [ 9.176796774714402, 45.481504876274961 ], [ 9.177150525924443, 45.481533582484623 ], [ 9.177167259577514, 45.481401872018679 ], [ 9.176281732834594, 45.481330151342497 ], [ 9.176279389160708, 45.481358238058647 ], [ 9.17478442146993, 45.481243067948185 ], [ 9.174772093962664, 45.481353168950733 ], [ 9.175738362741573, 45.48142666758455 ] ] ], [ [ [ 9.179077212308174, 45.48168684118707 ], [ 9.179815596236951, 45.48175679125962 ], [ 9.180005929401643, 45.481777734391017 ], [ 9.180786425366257, 45.481851752398775 ], [ 9.181309666241285, 45.481903850468413 ], [ 9.181293182249311, 45.481790824088044 ], [ 9.180486952224779, 45.48171189958321 ], [ 9.180271792016329, 45.481689646214775 ], [ 9.180255032812909, 45.481690482702682 ], [ 9.180255665413259, 45.481688231457525 ], [ 9.180157250732734, 45.481682355760142 ], [ 9.180148264279032, 45.481673008871617 ], [ 9.180145477096904, 45.481681744224254 ], [ 9.179828180484533, 45.481650019684942 ], [ 9.17912742929043, 45.481584241263278 ], [ 9.179077212308174, 45.48168684118707 ] ] ], [ [ [ 9.17786244732852, 45.481490263612166 ], [ 9.177862319941784, 45.481490443830033 ], [ 9.177858095826474, 45.481489910335092 ], [ 9.177857584018078, 45.481489911130474 ], [ 9.177781168077788, 45.481480938857139 ], [ 9.17778078309135, 45.481480579415368 ], [ 9.177780783656452, 45.481480759434405 ], [ 9.17733245309466, 45.481444910959546 ], [ 9.177320383594676, 45.481554111734106 ], [ 9.177870970124578, 45.481596552120507 ], [ 9.177867351946116, 45.481625990998083 ], [ 9.178847686208309, 45.481693770838575 ], [ 9.178909969798321, 45.481562889027629 ], [ 9.17786244732852, 45.481490263612166 ] ] ] ] } },
{ "type": "Feature", "properties": { "id_amat": 124, "tipo": "AP", "nome": "Gambara", "gruppo_id": "0", "ordinanza": "68387/2012 (Istituzione area pedonale)", "deroghe": "autorizzati,veicoli dei soggetti che hanno la disponibilita' esclusiva di box o posto auto, mezzi di emergenza,velocipedi", "val_inizio": "2012-06-22 00:00:00+02", "val_fine": "2050-01-01 00:00:00+01", "delibera": "1339\u001f/2012", "tratto": "lato civici pari, tra via Palma e via Anguissola", "note": null, "cartello": "AP", "dissuasori": "paletti in cemento", "name": "Municipio 7", "ANNO": 2012, "area": 3055.883 }, "geometry": { "type": "MultiPolygon", "coordinates": [ [ [ [ 9.142631049385853, 45.465171701780449 ], [ 9.142735892318415, 45.465203434741511 ], [ 9.142758095892816, 45.465182074639976 ], [ 9.142755267701324, 45.465176497533236 ], [ 9.142732319628971, 45.465156183835411 ], [ 9.142722093654752, 45.465057455381789 ], [ 9.142714876933182, 45.465036221967424 ], [ 9.142707658857615, 45.465014448492951 ], [ 9.142686188534068, 45.464971360359641 ], [ 9.142646029087357, 45.464922894894563 ], [ 9.142608103806431, 45.464898099318553 ], [ 9.142507525540747, 45.464832517089953 ], [ 9.142459865076704, 45.464802242957568 ], [ 9.142400428617368, 45.46476883309402 ], [ 9.142362640276636, 45.464747547663968 ], [ 9.142326901532124, 45.464727429806416 ], [ 9.142299616907888, 45.464711981962253 ], [ 9.142236978490304, 45.46467686579841 ], [ 9.142088276008595, 45.464599641642863 ], [ 9.142008225531489, 45.464558156233821 ], [ 9.141961219785202, 45.46453373174419 ], [ 9.141795233486727, 45.464450047897493 ], [ 9.141773332547192, 45.464439003760397 ], [ 9.141746531421171, 45.464463339702313 ], [ 9.141696496292058, 45.464506246498544 ], [ 9.141844183013887, 45.46458680280179 ], [ 9.141859175762072, 45.464597495443321 ], [ 9.141863278247584, 45.464601180779383 ], [ 9.141866997666972, 45.464605136620584 ], [ 9.14187046148386, 45.464609182788585 ], [ 9.141873030577997, 45.464613500095751 ], [ 9.141875471983624, 45.464617907571323 ], [ 9.141877274044093, 45.464622405849283 ], [ 9.14187856444817, 45.464626904761204 ], [ 9.141879599249346, 45.464631494000052 ], [ 9.141879738651365, 45.464636084348442 ], [ 9.141879750364458, 45.464640764865258 ], [ 9.141879383515704, 45.464647516086167 ], [ 9.141878003489232, 45.46465831902232 ], [ 9.141875980061728, 45.464667592581968 ], [ 9.141873694047728, 45.464674166160442 ], [ 9.141870767560802, 45.464680380491593 ], [ 9.141867328740311, 45.464686325426776 ], [ 9.141863506176149, 45.464692270837332 ], [ 9.141854836604614, 45.464703712876144 ], [ 9.141847821809097, 45.464711912496433 ], [ 9.141843738232931, 45.464715787994699 ], [ 9.141839526291443, 45.464719483631356 ], [ 9.141834930381062, 45.464723089733297 ], [ 9.141831866290369, 45.464725433794527 ], [ 9.141828418005884, 45.464727598311143 ], [ 9.141824841131237, 45.46472949295628 ], [ 9.141821007977228, 45.464731207898303 ], [ 9.141816789953989, 45.464732473265819 ], [ 9.141806562880031, 45.464734916208371 ], [ 9.141806562880031, 45.464734916208371 ], [ 9.141796334679579, 45.464736909100317 ], [ 9.141786105577994, 45.464738541951597 ], [ 9.141775492282367, 45.464739995257254 ], [ 9.141765006450479, 45.464741268383676 ], [ 9.141767657019511, 45.464778169290391 ], [ 9.14178691601199, 45.465011451917206 ], [ 9.142032872727249, 45.465001605994431 ], [ 9.142631049385853, 45.465171701780449 ] ] ] ] } },
{ "type": "Feature", "properties": { "id_amat": 125, "tipo": "AP", "nome": "Via dell'Arcivescovado", "gruppo_id": "0", "ordinanza": "40909/1995 (Istituzione area pedonale urbana)", "deroghe": "velocipedi", "val_inizio": "1995-07-17 00:00:00+02", "val_fine": "2050-01-01 00:00:00+01", "delibera": null, "tratto": "tutta", "note": null, "cartello": "AP", "dissuasori": null, "name": "Municipio 1", "ANNO": 1995, "area": 815.405 }, "geometry": { "type": "MultiPolygon", "coordinates": [ [ [ [ 9.192948142202072, 45.463633382036932 ], [ 9.192956823490693, 45.463816268196595 ], [ 9.192961044586765, 45.46381626107847 ], [ 9.193025258558137, 45.463816782845711 ], [ 9.193038178283734, 45.463816941071201 ], [ 9.193215344080164, 45.463818892308964 ], [ 9.193387393100325, 45.46382076190951 ], [ 9.193398138323545, 45.463820923769305 ], [ 9.193465550411018, 45.463821529893899 ], [ 9.193473891705674, 45.463642125391296 ], [ 9.193449202922119, 45.463641627071645 ], [ 9.193243762456742, 45.463637743725428 ], [ 9.193240948401623, 45.463637748477808 ], [ 9.192948142202072, 45.463633382036932 ] ] ] ] } },
{ "type": "Feature", "properties": { "id_amat": 126, "tipo": "AP", "nome": "Beccaria", "gruppo_id": "0", "ordinanza": "67248, 782/2017 (area pedonale)", "deroghe": "velocipedi, autorizzati, carico e scarico merci (lun-sab dalle 0:00 alle 7:00 e dalle 9:00 alle 11:00 , giorni di mercato dalle 0:00 alle 7:00)", "val_inizio": "2011-12-22 00:00:00+01", "val_fine": "2050-01-01 00:00:00+01", "delibera": "2878/2011", "tratto": "tutta", "note": null, "cartello": "AP", "dissuasori": null, "name": "Municipio 1", "ANNO": 2017, "area": 4825.739 }, "geometry": { "type": "MultiPolygon", "coordinates": [ [ [ [ 9.19457967672813, 45.464456553129487 ], [ 9.194608900889707, 45.464436701180574 ], [ 9.194654116982326, 45.464417632112458 ], [ 9.194673671333728, 45.46441282830385 ], [ 9.194703833208578, 45.46440530613593 ], [ 9.194740406209126, 45.46440227356031 ], [ 9.194888434421138, 45.464411472606869 ], [ 9.194889186111141, 45.464406880805122 ], [ 9.195015203659691, 45.464413326857212 ], [ 9.195016945496258, 45.464399102273028 ], [ 9.195087186326242, 45.464403753079523 ], [ 9.195085934776049, 45.464411766123355 ], [ 9.195106022748444, 45.464413352056901 ], [ 9.195104525292425, 45.464424245847404 ], [ 9.195104148681185, 45.464426316724719 ], [ 9.195203690087874, 45.464433347771546 ], [ 9.195245528309258, 45.46443633673681 ], [ 9.195248041290855, 45.464423190956033 ], [ 9.195268126790063, 45.464424056783479 ], [ 9.195269372730872, 45.464414423563198 ], [ 9.195339489720995, 45.464420244558781 ], [ 9.195338002860733, 45.464434198681879 ], [ 9.195391606017299, 45.464436267406349 ], [ 9.195391158542211, 45.464121052355708 ], [ 9.19503860859113, 45.464115083082824 ], [ 9.195040708016748, 45.464018948578349 ], [ 9.194948352443909, 45.46401829587294 ], [ 9.194950679042208, 45.463913790029842 ], [ 9.19494044327843, 45.463912997376489 ], [ 9.194941211073603, 45.463875911852448 ], [ 9.194942747877191, 45.463876449295626 ], [ 9.194947400457249, 45.46366725758304 ], [ 9.194947451255489, 45.463644844947545 ], [ 9.194891291561486, 45.463643050399504 ], [ 9.194813010283468, 45.463643363724543 ], [ 9.194711446618925, 45.463642996535121 ], [ 9.194599901832012, 45.4636414760975 ], [ 9.194468522721769, 45.463637648995586 ], [ 9.194413506841357, 45.463633692023009 ], [ 9.194334818684021, 45.463627254943852 ], [ 9.194298344442585, 45.463621646239602 ], [ 9.194281195035652, 45.463618975051631 ], [ 9.194263403603799, 45.463615584869174 ], [ 9.194248162998795, 45.463610030108001 ], [ 9.194249574945285, 45.463760704846514 ], [ 9.194254044763053, 45.463758627023005 ], [ 9.194268498494848, 45.463758512474385 ], [ 9.194379938752167, 45.463766784180812 ], [ 9.19439516428042, 45.463767928448377 ], [ 9.194461959923109, 45.463775285799819 ], [ 9.194497663718479, 45.463779995658932 ], [ 9.194521607657631, 45.463787065765331 ], [ 9.194627343913012, 45.4638104686464 ], [ 9.194722453039773, 45.46383082916681 ], [ 9.194736789395057, 45.46383377510665 ], [ 9.194732693425976, 45.463832971985333 ], [ 9.19473616592154, 45.463838456699889 ], [ 9.194732611298109, 45.463846293639691 ], [ 9.194712543789976, 45.463887822507317 ], [ 9.19470212891739, 45.463909352675181 ], [ 9.194685618166559, 45.463943674666901 ], [ 9.194672149149813, 45.463969800550011 ], [ 9.194528591824698, 45.464219283022437 ], [ 9.194445364893507, 45.464381442890542 ], [ 9.19444231505331, 45.464387298737812 ], [ 9.194447823355988, 45.464389629643264 ], [ 9.194442342236202, 45.464395219591431 ], [ 9.194291668492877, 45.464547052749388 ], [ 9.19427331188837, 45.464565446002524 ], [ 9.194172216267042, 45.464664808864441 ], [ 9.194037716526092, 45.464796271923333 ], [ 9.194077793447246, 45.464807815273637 ], [ 9.193997903407745, 45.464936485338661 ], [ 9.194067421115736, 45.464953919448533 ], [ 9.194080991776241, 45.464957316819827 ], [ 9.194159351311166, 45.464829999447439 ], [ 9.194191233435431, 45.464839126386813 ], [ 9.194312984428219, 45.464720196218977 ], [ 9.194317064094554, 45.46471622884124 ], [ 9.194385495144747, 45.464640684045868 ], [ 9.194428583311296, 45.464597855984138 ], [ 9.194484803264553, 45.464542404155637 ], [ 9.194488006357879, 45.464543928885156 ], [ 9.19454958125897, 45.464483427349769 ], [ 9.19457967672813, 45.464456553129487 ] ], [ [ 9.194772979228697, 45.464203115498165 ], [ 9.194769524962558, 45.464202941357499 ], [ 9.194770499377633, 45.464188718082809 ], [ 9.194773825111232, 45.464188712421773 ], [ 9.194795011913346, 45.464175084811039 ], [ 9.194794877192532, 45.464173104815352 ], [ 9.194813936817992, 45.464173252387312 ], [ 9.194813944245643, 45.46417541262015 ], [ 9.194824204505831, 45.46418331605112 ], [ 9.194833183164404, 45.464190501581534 ], [ 9.194836381294785, 45.464190586146188 ], [ 9.194835661174379, 45.464204358937273 ], [ 9.194832590956088, 45.464204274154824 ], [ 9.194811022270345, 45.464218442484004 ], [ 9.194810901784994, 45.464220602934603 ], [ 9.194791968509231, 45.46422000509591 ], [ 9.194791960772958, 45.464217754853401 ], [ 9.194785548108896, 45.464212815207389 ], [ 9.194772979228697, 45.464203115498165 ] ] ] ] } },
{ "type": "Feature", "properties": { "id_amat": 127, "tipo": "AP", "nome": "Navigli - Ambito C - Alzaia Naviglio Pavese", "gruppo_id": "0", "ordinanza": "67820/2012,1070/2015 (delimitazione area pedonale)", "deroghe": "carico e scarico merci (feriali dalle 5:00 alle 8:00 e dalle 14:00 alle 16:00), velocipedi, taxi, residenti e domiciliati, possessori di box", "val_inizio": "2012-05-30 00:00:00+02", "val_fine": "2050-01-01 00:00:00+01", "delibera": "1152/2012", "tratto": "Alzaia Naviglio Pavese tra via Gorizia e via Darwin, via Magolfa tra Alz. Naviglio Pavese e via Fusetti, via Gola tra alz. Naviglio Pavese e via Pichi", "note": null, "cartello": "AP", "dissuasori": "Pilomat", "name": "Municipio 6", "ANNO": 2015, "area": 7975.353 }, "geometry": { "type": "MultiPolygon", "coordinates": [ [ [ [ 9.177086035776055, 45.448827841910209 ], [ 9.177070858744433, 45.448840826901375 ], [ 9.177104279251436, 45.448977771120155 ], [ 9.177128233317495, 45.448990785565726 ], [ 9.177227075832244, 45.4493972998171 ], [ 9.177246129880791, 45.449397270308296 ], [ 9.177370343684828, 45.449983045932015 ], [ 9.177373217042414, 45.450002213704849 ], [ 9.177397798033681, 45.450051951383855 ], [ 9.177428135693587, 45.450184039693276 ], [ 9.177711872797959, 45.451356705498824 ], [ 9.177708932595777, 45.451357070106205 ], [ 9.177708804993976, 45.451357160314785 ], [ 9.177688605818913, 45.451359261918611 ], [ 9.177628647140486, 45.451365385696235 ], [ 9.177550067189364, 45.451346605444449 ], [ 9.17750807870766, 45.451333079004073 ], [ 9.177429340816088, 45.451304667798027 ], [ 9.177130407263634, 45.451201168817725 ], [ 9.17707292539933, 45.451181365465708 ], [ 9.177070236752376, 45.451180379510944 ], [ 9.176959594777026, 45.451132305054045 ], [ 9.176852269813747, 45.451081615061149 ], [ 9.176589468373882, 45.450876347026259 ], [ 9.17655806867722, 45.450854432925588 ], [ 9.1765189758614, 45.450826049930846 ], [ 9.176475389819998, 45.450792093204178 ], [ 9.176461803439672, 45.45078221300561 ], [ 9.176331572883123, 45.450685382480593 ], [ 9.176268379644865, 45.450638134337211 ], [ 9.176268251482695, 45.450638044524169 ], [ 9.176247492294127, 45.450624484919182 ], [ 9.176250497672184, 45.45060395791009 ], [ 9.176247415347154, 45.450599732166246 ], [ 9.176076016510057, 45.45050584507392 ], [ 9.176032960953654, 45.450477828049621 ], [ 9.176011177148133, 45.450463729914652 ], [ 9.175989269383088, 45.450450892112343 ], [ 9.17581055007021, 45.450346664674981 ], [ 9.175802385737926, 45.450353157968863 ], [ 9.175647102009325, 45.450259425493741 ], [ 9.175671071495763, 45.450236075997609 ], [ 9.175664662643971, 45.450231315281194 ], [ 9.175637873805728, 45.450211464088028 ], [ 9.175547895130546, 45.450145084420846 ], [ 9.175523419659962, 45.450128920080431 ], [ 9.175478518028683, 45.450165353158212 ], [ 9.175391813540491, 45.450247845629022 ], [ 9.175428069439848, 45.450268942514782 ], [ 9.175439718354387, 45.45027270509685 ], [ 9.175449451554485, 45.450277280708633 ], [ 9.175509927264228, 45.450314542316065 ], [ 9.17552722416263, 45.450325137021338 ], [ 9.175530171292031, 45.4503270227206 ], [ 9.175569893477924, 45.450352434745966 ], [ 9.175586595803724, 45.450336207241506 ], [ 9.175654623381824, 45.450375617435981 ], [ 9.175656919954738, 45.45037390371261 ], [ 9.175663583748934, 45.450378394006698 ], [ 9.17572098022181, 45.45041232984164 ], [ 9.17572879496212, 45.45041681836468 ], [ 9.175725606285511, 45.450419523574169 ], [ 9.175757639247566, 45.45043963672385 ], [ 9.175782494169971, 45.450413135479721 ], [ 9.175861037329653, 45.450461890484931 ], [ 9.175953675024838, 45.450519444790267 ], [ 9.176174442349049, 45.450656371080626 ], [ 9.176203400272316, 45.450674508608465 ], [ 9.176209038568137, 45.450678190355426 ], [ 9.176214804747126, 45.450681871905203 ], [ 9.176219673791444, 45.450684924762996 ], [ 9.176224415513385, 45.450688157837511 ], [ 9.176233514192376, 45.450694264536693 ], [ 9.17623889672719, 45.450697946676001 ], [ 9.176241448780551, 45.45069614253714 ], [ 9.176246446549422, 45.450699465226869 ], [ 9.176303861330775, 45.450739071396512 ], [ 9.176309755684606, 45.450742842754444 ], [ 9.176308862745884, 45.450743564213589 ], [ 9.176339625391094, 45.450766289458706 ], [ 9.176459980874542, 45.450854044145665 ], [ 9.176569186801272, 45.450934075009492 ], [ 9.176598924066893, 45.450955991672082 ], [ 9.176620201162516, 45.450971530642747 ], [ 9.176704669965224, 45.451033597462377 ], [ 9.176760167717907, 45.451073386381175 ], [ 9.176784392112911, 45.45109081098785 ], [ 9.176879494418271, 45.451158891949568 ], [ 9.177001578999029, 45.451226481050703 ], [ 9.177098360543582, 45.451258825090221 ], [ 9.177130365221734, 45.451269576810986 ], [ 9.177345563900436, 45.451341521908631 ], [ 9.177503630729802, 45.451382861670837 ], [ 9.17758695370358, 45.451405235011705 ], [ 9.177720062033519, 45.451439772408129 ], [ 9.177723006472355, 45.45144075795033 ], [ 9.177694535226035, 45.451822986428205 ], [ 9.177686524646871, 45.451878535296359 ], [ 9.177694727350636, 45.451884283227336 ], [ 9.17767914425893, 45.452135166461609 ], [ 9.177986671917495, 45.452163491925532 ], [ 9.177939733986161, 45.451958611192623 ], [ 9.177829479773047, 45.451504859999062 ], [ 9.177611736517095, 45.450580250908992 ], [ 9.177509574037671, 45.450136027846227 ], [ 9.177187010531672, 45.448771069034187 ], [ 9.176904840917777, 45.447601279306006 ], [ 9.176801412961275, 45.447608910007411 ], [ 9.17691828107777, 45.448097306314303 ], [ 9.177020366886087, 45.44856061240376 ], [ 9.177083834577424, 45.448819114300669 ], [ 9.177086035776055, 45.448827841910209 ] ] ], [ [ [ 9.176538155038495, 45.445978506131269 ], [ 9.176520006975004, 45.445899504892019 ], [ 9.176516299538529, 45.445899780641945 ], [ 9.176507764191532, 45.445869010209826 ], [ 9.17651108661048, 45.445868285001438 ], [ 9.176479958061481, 45.445768241312685 ], [ 9.176452343633756, 45.445646859702364 ], [ 9.176439800831323, 45.445561009003683 ], [ 9.176426408167845, 45.44553078611532 ], [ 9.176414902036957, 45.445531523936779 ], [ 9.176330898763608, 45.445534173691556 ], [ 9.176311720102907, 45.44553483331341 ], [ 9.176362339054091, 45.4457345786739 ], [ 9.17643733124031, 45.446041308933431 ], [ 9.176486934557223, 45.446243126028506 ], [ 9.176546250879515, 45.446484172692692 ], [ 9.176556385276825, 45.446535643068131 ], [ 9.176556768896008, 45.446535642476327 ], [ 9.176557280668503, 45.446535731697288 ], [ 9.176557664567939, 45.446535821115525 ], [ 9.176557920874581, 45.446536000741126 ], [ 9.176558305334545, 45.446536270179529 ], [ 9.176558562201715, 45.44653662982526 ], [ 9.176608256137092, 45.446726205281905 ], [ 9.17660825697812, 45.446726475312133 ], [ 9.176608130226001, 45.44672683554974 ], [ 9.1766077477269, 45.446727196182024 ], [ 9.176607364947447, 45.446727466804226 ], [ 9.176606726140669, 45.446727647811031 ], [ 9.17661578494152, 45.446762197864402 ], [ 9.176616296435805, 45.446762197075024 ], [ 9.176616680056517, 45.446762196482986 ], [ 9.176617064237949, 45.446762375911099 ], [ 9.176617448419373, 45.44676255533922 ], [ 9.17661770500759, 45.446762824974734 ], [ 9.176617961595815, 45.446763094610262 ], [ 9.176626114919941, 45.446794315671411 ], [ 9.176626116041426, 45.446794675711686 ], [ 9.176625989008899, 45.446794945939253 ], [ 9.176625861976364, 45.446795216166798 ], [ 9.17662560678982, 45.446795396581649 ], [ 9.176625224009999, 45.446795667203915 ], [ 9.176624584922136, 45.446795758200757 ], [ 9.176628469916942, 45.446811414032155 ], [ 9.176629109285349, 45.446811413045388 ], [ 9.176629748934136, 45.446811502068648 ], [ 9.176630260989624, 45.446811681299387 ], [ 9.176630645732185, 45.44681204074756 ], [ 9.17663090232069, 45.446812310383059 ], [ 9.176703891495839, 45.447090870215483 ], [ 9.1767073844949, 45.447103826333731 ], [ 9.17670738561692, 45.447104186373984 ], [ 9.176707130990252, 45.447104546809129 ], [ 9.17670700395742, 45.447104817036767 ], [ 9.176706365427208, 45.447105088054187 ], [ 9.176705854490834, 45.447105268864092 ], [ 9.176719665806297, 45.447146562355961 ], [ 9.176768533604969, 45.447357921537701 ], [ 9.176785539846202, 45.447357535226708 ], [ 9.176861876397155, 45.447355887102461 ], [ 9.176869036830603, 45.447355696015414 ], [ 9.176823157768434, 45.447159724053705 ], [ 9.176728847059152, 45.446769044143643 ], [ 9.176652801853939, 45.44645349471029 ], [ 9.176577695210888, 45.446151625358617 ], [ 9.176538155038495, 45.445978506131269 ] ] ] ] } },
{ "type": "Feature", "properties": { "id_amat": 128, "tipo": "AP", "nome": "XXV APRILE", "gruppo_id": "0", "ordinanza": "70884/2014 (Delimitazione di area pedonale)", "deroghe": "transito e sosta: velocipedi, mezzi socco, emergenza, polizia, traslochi; transito: residenti, domiciliati, possessori box, taxi, pulizia strade", "val_inizio": "2013-11-25 00:00:00+01", "val_fine": "2050-01-01 00:00:00+01", "delibera": "2356/2013", "tratto": "porzione di piazza XXV Aprile con funzione di collegamento tra v.le Pasubio e v.le M.te Grappa e corsia accesso box sotterraneo", "note": null, "cartello": "AP", "dissuasori": "telecamere", "name": "Municipio 9", "ANNO": 2014, "area": 6576.57 }, "geometry": { "type": "MultiPolygon", "coordinates": [ [ [ [ 9.187601331961041, 45.48095526542479 ], [ 9.187579883169086, 45.480853589326962 ], [ 9.187488731093138, 45.480413139914994 ], [ 9.187472873090989, 45.480415506155062 ], [ 9.187473390252896, 45.4804171254873 ], [ 9.187471600150355, 45.480417488459842 ], [ 9.187320979723843, 45.480449238605878 ], [ 9.18715026774507, 45.480480031303856 ], [ 9.187122797808492, 45.480491957542256 ], [ 9.187102493049116, 45.480503872058954 ], [ 9.187094717848387, 45.480512885768363 ], [ 9.187086918559135, 45.480514608709036 ], [ 9.18684650504062, 45.480555055942688 ], [ 9.186706334247878, 45.480574186819304 ], [ 9.186690602337075, 45.480576012685162 ], [ 9.18668926349223, 45.480558012875584 ], [ 9.186582707893656, 45.480566287559093 ], [ 9.186512733206294, 45.480570632098413 ], [ 9.186435603977552, 45.480578228610071 ], [ 9.186348381191589, 45.48059025199516 ], [ 9.186305921926982, 45.480596441806924 ], [ 9.186216655436022, 45.480609548538233 ], [ 9.186214728786068, 45.480607301424193 ], [ 9.186215376527507, 45.480609730639294 ], [ 9.186189670997278, 45.480613552884719 ], [ 9.186009251134335, 45.480649670259311 ], [ 9.186021089366838, 45.480669993268755 ], [ 9.186036561877097, 45.480667087797229 ], [ 9.186076315377511, 45.480771974784012 ], [ 9.186196046752819, 45.480996084862525 ], [ 9.186205385002076, 45.48103432390171 ], [ 9.186255369489221, 45.481176368284643 ], [ 9.186736501255856, 45.481108526755506 ], [ 9.186801468681402, 45.481098789655832 ], [ 9.18679755473339, 45.48107593351488 ], [ 9.18680415741815, 45.481060531033421 ], [ 9.186813480326901, 45.48105520522644 ], [ 9.186818455571025, 45.481050696606211 ], [ 9.18715276014146, 45.481001905011432 ], [ 9.187189608818297, 45.481001484700784 ], [ 9.187336179537549, 45.480982792805456 ], [ 9.187437866823487, 45.480972455164817 ], [ 9.187600949599497, 45.480955716101462 ], [ 9.187601331961041, 45.48095526542479 ] ] ] ] } },
{ "type": "Feature", "properties": { "id_amat": 130, "tipo": "AP", "nome": "Pio XI", "gruppo_id": "0", "ordinanza": "70293/2013 (Area Pedonale)", "deroghe": "residenti, domiciliati, possessori di box, ulteriori veicoli autorizzati", "val_inizio": "2012-03-23 00:00:00+01", "val_fine": "2050-01-01 00:00:00+01", "delibera": "1592/2012", "tratto": "Tutta la piazza PioXI, Via dell'Ambrosiana tra via Moneta e Piazza Pio Xi, Via  Cardinale Federico tra via delle Asole e piazza Pio XI, Via Cantù tra via Armorari e piazza Pio XI, via Cardinale Federi", "note": null, "cartello": "AP", "dissuasori": null, "name": "Municipio 1", "ANNO": 2013, "area": 2064.955 }, "geometry": { "type": "MultiPolygon", "coordinates": [ [ [ [ 9.186260231743491, 45.463706750642913 ], [ 9.186475049959311, 45.463567424981925 ], [ 9.186320393298297, 45.463447423220089 ], [ 9.186269210671702, 45.463480900342908 ], [ 9.185781501856171, 45.463798979254008 ], [ 9.18577983368807, 45.463797361778028 ], [ 9.185630592032954, 45.463690131749317 ], [ 9.185503408191879, 45.46375640550373 ], [ 9.185662520252423, 45.46387010042038 ], [ 9.185802537402241, 45.463972664849891 ], [ 9.185862930585301, 45.464017211849985 ], [ 9.185926235789019, 45.463974624183535 ], [ 9.185938862493192, 45.463963442398956 ], [ 9.185926118539177, 45.4639388903122 ], [ 9.185916365897656, 45.463929365072801 ], [ 9.186051538656232, 45.463841925467378 ], [ 9.186097109571374, 45.463813318122995 ], [ 9.186361285110813, 45.464018651593662 ], [ 9.186548195796853, 45.463911054850207 ], [ 9.186260231743491, 45.463706750642913 ] ] ] ] } },
{ "type": "Feature", "properties": { "id_amat": 131, "tipo": "AP", "nome": "Via Beltrami", "gruppo_id": "0", "ordinanza": "1251/2016 (delimitazione di area pedonale)", "deroghe": "veicoli di emergenza e pubblica utilita',velocipedi", "val_inizio": null, "val_fine": "2050-01-01 00:00:00+01", "delibera": null, "tratto": "Tutta la via", "note": "Pedonalizzazione per Expo 2015", "cartello": "AP", "dissuasori": null, "name": "Municipio 1", "ANNO": 2016, "area": 3838.106 }, "geometry": { "type": "MultiPolygon", "coordinates": [ [ [ [ 9.18119907895835, 45.468734564986605 ], [ 9.181313130520882, 45.46879685139254 ], [ 9.18139733005172, 45.468844783381577 ], [ 9.181500024535477, 45.468915728575872 ], [ 9.181565172708156, 45.468966480968646 ], [ 9.181672812720512, 45.46906361111342 ], [ 9.181740861349949, 45.469021468325103 ], [ 9.182068958717469, 45.468773598901087 ], [ 9.182229368623114, 45.468652189910372 ], [ 9.182156581610013, 45.468573096853156 ], [ 9.182123855931129, 45.468580169731659 ], [ 9.182082565775529, 45.468589236451479 ], [ 9.182048594398106, 45.468606752468695 ], [ 9.181827029131037, 45.468446796626409 ], [ 9.181768286686619, 45.468398914529175 ], [ 9.18172964990549, 45.46819825322892 ], [ 9.181641675555172, 45.46824951867174 ], [ 9.18154226158855, 45.468323754785651 ], [ 9.181131849664151, 45.468632869928229 ], [ 9.181087879353864, 45.468683975273585 ], [ 9.18119907895835, 45.468734564986605 ] ] ] ] } },
{ "type": "Feature", "properties": { "id_amat": 132, "tipo": "AP", "nome": "Piazza Castello", "gruppo_id": "0", "ordinanza": "1251/2016 (delimitazione di area pedonale)", "deroghe": "veicoli di emergenza e pubblica utilita',velocipedi, altri autorizzati", "val_inizio": "2014-04-04 00:00:00+02", "val_fine": "2050-01-01 00:00:00+01", "delibera": "556/2014", "tratto": "compreso tra via Sella e via Ricasoli", "note": "Pedonalizzazione sperimentale per Expo 2015", "cartello": "AP", "dissuasori": null, "name": "Municipio 1", "ANNO": 2016, "area": 5856.64 }, "geometry": { "type": "MultiPolygon", "coordinates": [ [ [ [ 9.181497222726986, 45.469079371474663 ], [ 9.18149222013963, 45.469075148931452 ], [ 9.181489397738805, 45.469072633123339 ], [ 9.181486958821816, 45.469070026696826 ], [ 9.181484775752974, 45.469067419864544 ], [ 9.181482847955607, 45.469064632607072 ], [ 9.181481175718012, 45.469061754934167 ], [ 9.181479759040158, 45.4690587868458 ], [ 9.181478598210331, 45.469055818351713 ], [ 9.181477948788032, 45.469052759036451 ], [ 9.181477299365808, 45.469049699721182 ], [ 9.181477161639313, 45.469046639594481 ], [ 9.181477279760649, 45.469043579062024 ], [ 9.181477781365373, 45.469040427911324 ], [ 9.181479425059026, 45.469034394624622 ], [ 9.181480694783465, 45.46903142227611 ], [ 9.18148222064384, 45.469028539531507 ], [ 9.181484130563989, 45.469025746187995 ], [ 9.181486296619996, 45.469023042448399 ], [ 9.181488718811835, 45.46902042831271 ], [ 9.181491269503974, 45.469017993993468 ], [ 9.181494076331919, 45.469015649278106 ], [ 9.181522279155146, 45.468994272140712 ], [ 9.181435463461488, 45.4689284323725 ], [ 9.181343032588389, 45.468866741902659 ], [ 9.181245627014508, 45.468809469733813 ], [ 9.181212949550501, 45.468791699472085 ], [ 9.181203250982112, 45.468799095661829 ], [ 9.181184236456543, 45.468813527392484 ], [ 9.181181301126664, 45.468815692283449 ], [ 9.181177853815125, 45.468817767974741 ], [ 9.181174405927687, 45.468819663646542 ], [ 9.181170573694139, 45.468821379906394 ], [ 9.181166868808143, 45.46882291594418 ], [ 9.181162779576082, 45.468824272569989 ], [ 9.181158689768223, 45.468825449176251 ], [ 9.181154343249974, 45.468826356158281 ], [ 9.181150124079421, 45.468827082918253 ], [ 9.181145776409782, 45.468827629861181 ], [ 9.181145648486357, 45.468827630063643 ], [ 9.181136950844675, 45.468828003871366 ], [ 9.181136822921248, 45.468828004073842 ], [ 9.181132473237085, 45.468827920948371 ], [ 9.181127994766246, 45.468827567996058 ], [ 9.181123643355651, 45.468826944812044 ], [ 9.181119291657414, 45.468826231618159 ], [ 9.181115067019501, 45.46882524819258 ], [ 9.181110969729703, 45.46882408454497 ], [ 9.181107127423738, 45.468822650463231 ], [ 9.181103156906843, 45.468821126574099 ], [ 9.181101746872237, 45.468820228703947 ], [ 9.181100977605539, 45.468819689860396 ], [ 9.181100849394429, 45.468819600053145 ], [ 9.181100079552332, 45.468818881190167 ], [ 9.181099822266987, 45.468818431546566 ], [ 9.181099050698673, 45.468817172625386 ], [ 9.181098790536282, 45.468815822884778 ], [ 9.181098787659218, 45.468814922787793 ], [ 9.181098912417838, 45.46881393247866 ], [ 9.181099039190402, 45.468813572237437 ], [ 9.181099293598647, 45.468813121784045 ], [ 9.181099548006893, 45.46881267133071 ], [ 9.181100057398785, 45.46881195044336 ], [ 9.181077767372978, 45.468802174608172 ], [ 9.181077384465896, 45.468802445244521 ], [ 9.181076362804991, 45.468802986921993 ], [ 9.181075979322555, 45.468803077538929 ], [ 9.181073934562344, 45.4688037108454 ], [ 9.181070737341097, 45.468803985934656 ], [ 9.181068689704208, 45.468803719144034 ], [ 9.181067537530915, 45.468803450936548 ], [ 9.181066384782321, 45.46880300270967 ], [ 9.18105049869912, 45.468795647010815 ], [ 9.181026029677836, 45.468784524460489 ], [ 9.181013602710685, 45.468778783467407 ], [ 9.180990926930253, 45.468768378154309 ], [ 9.18099067079614, 45.468768288549235 ], [ 9.180929060648859, 45.468743633178619 ], [ 9.180903571162187, 45.46873341231683 ], [ 9.180861050373702, 45.468717727747418 ], [ 9.180832618678444, 45.468707511519597 ], [ 9.180803548526729, 45.46869765633398 ], [ 9.180759238879592, 45.468682604623872 ], [ 9.180707249565952, 45.468666214871035 ], [ 9.180667811089672, 45.468654305788895 ], [ 9.180614166576669, 45.468640348880932 ], [ 9.180541317869364, 45.468621471687264 ], [ 9.180431488881309, 45.468599322381849 ], [ 9.180370690539734, 45.468588436983559 ], [ 9.180300295715272, 45.468576846591226 ], [ 9.180227602603257, 45.468566609927322 ], [ 9.18019100407591, 45.4685627071119 ], [ 9.180170529267398, 45.468560489094422 ], [ 9.180154406412182, 45.468559074313873 ], [ 9.180121776935698, 45.468556245349951 ], [ 9.180070724289267, 45.468552725285456 ], [ 9.180027351307148, 45.468550543269863 ], [ 9.180004194705974, 45.468549769603811 ], [ 9.179963894448834, 45.468548392822427 ], [ 9.179932933701151, 45.468547361383564 ], [ 9.179901717108983, 45.468546330338491 ], [ 9.179890970165278, 45.468545897181428 ], [ 9.179872549854384, 45.468546106155294 ], [ 9.179844407410888, 45.468546330404955 ], [ 9.179795798176603, 45.46854685683487 ], [ 9.179777889270593, 45.468546974979859 ], [ 9.179772132744697, 45.468546984022744 ], [ 9.179765479045733, 45.468546454413691 ], [ 9.179758952698544, 45.468545744583885 ], [ 9.179753449733864, 45.468545033146277 ], [ 9.179749866467866, 45.468544588723667 ], [ 9.179742059750996, 45.468543520863307 ], [ 9.179733101443807, 45.468542364800875 ], [ 9.179723886720382, 45.468541029120082 ], [ 9.17971530961278, 45.468539062366148 ], [ 9.179708265295165, 45.468536373123385 ], [ 9.179702624702882, 45.468532601554045 ], [ 9.17969787671592, 45.468527928481286 ], [ 9.179697362741114, 45.46852720920706 ], [ 9.179694022761607, 45.468522803953718 ], [ 9.179691063981666, 45.468517588010307 ], [ 9.179688873880425, 45.468512730900514 ], [ 9.17968783679669, 45.468508412041238 ], [ 9.179687309976638, 45.468503642329992 ], [ 9.179687806252737, 45.468498781002168 ], [ 9.179689071492113, 45.468494368517774 ], [ 9.179691106551012, 45.468490674905908 ], [ 9.179693912571222, 45.468488060205374 ], [ 9.179698124027578, 45.468484903236927 ], [ 9.17970272010786, 45.468482015694889 ], [ 9.179598243536413, 45.468493610992766 ], [ 9.179517679912058, 45.468502468382013 ], [ 9.179523445559763, 45.468505339662734 ], [ 9.179527420290096, 45.4685082137526 ], [ 9.179530244857197, 45.468511449687313 ], [ 9.179531535492742, 45.468515048068994 ], [ 9.179532445497559, 45.468519637159503 ], [ 9.179532718170476, 45.468524947331098 ], [ 9.179531583407854, 45.468530169700493 ], [ 9.179529295628839, 45.468534853817694 ], [ 9.179523431145062, 45.468541163728496 ], [ 9.179515137552695, 45.468547927500161 ], [ 9.179491526582341, 45.468565246484694 ], [ 9.179476321441802, 45.468570850961385 ], [ 9.179470953243756, 45.46857229954265 ], [ 9.179466222949101, 45.468573207062327 ], [ 9.179459829942196, 45.468574207199303 ], [ 9.179452542330273, 45.468575478769246 ], [ 9.179443847281405, 45.468576662535426 ], [ 9.179439116700886, 45.46857748004426 ], [ 9.179342330372247, 45.468593833588031 ], [ 9.179299758819315, 45.468602361249026 ], [ 9.179230984404459, 45.468617680696028 ], [ 9.179125783200258, 45.46864295824021 ], [ 9.179110056635984, 45.468645503138895 ], [ 9.179101872692168, 45.468646506058796 ], [ 9.179089466719061, 45.468647335564874 ], [ 9.179070528990124, 45.468645745015976 ], [ 9.179060417950785, 45.468644140653716 ], [ 9.17905107388124, 45.468642355070266 ], [ 9.179043392811472, 45.468640566884339 ], [ 9.179038783032137, 45.468639133933685 ], [ 9.17902942986295, 45.468634468037678 ], [ 9.179025712132587, 45.468631953569123 ], [ 9.179023274201251, 45.468629617118758 ], [ 9.179021342274099, 45.468625479673634 ], [ 9.179019919763943, 45.468620621350382 ], [ 9.179019391577167, 45.468615401587492 ], [ 9.178980886564265, 45.468736885514367 ], [ 9.179033944557288, 45.46872726144602 ], [ 9.17908738772427, 45.468718086801012 ], [ 9.17912203612765, 45.468712091905118 ], [ 9.179159369486962, 45.468705642744652 ], [ 9.179198365269261, 45.468699010948576 ], [ 9.179235187203377, 45.468692652574283 ], [ 9.179273544491378, 45.468686381793162 ], [ 9.179283005675311, 45.468684746788952 ], [ 9.179306019871797, 45.468680930306363 ], [ 9.179335427086031, 45.468676113689455 ], [ 9.179342842636665, 45.468674841926521 ], [ 9.179343481967202, 45.46867475091446 ], [ 9.179344121582652, 45.468674749912104 ], [ 9.179344761198099, 45.468674748909756 ], [ 9.179345528736636, 45.468674747706928 ], [ 9.179346168352085, 45.468674746704551 ], [ 9.179346808252452, 45.46867483571188 ], [ 9.179347448152816, 45.468674924719217 ], [ 9.179348088053183, 45.468675013726575 ], [ 9.179348600315384, 45.468675192944097 ], [ 9.179349240500677, 45.468675371961126 ], [ 9.179349880970898, 45.468675640987868 ], [ 9.179350393518032, 45.468675910215083 ], [ 9.179350906065169, 45.468676179442305 ], [ 9.17935141861231, 45.46867644866952 ], [ 9.179351803521284, 45.468676808106899 ], [ 9.179352316068442, 45.468677077334128 ], [ 9.179352700977429, 45.468677436771522 ], [ 9.17935295824825, 45.468677886419115 ], [ 9.179353343157249, 45.468678245856509 ], [ 9.179353600428081, 45.468678695504103 ], [ 9.179353857698917, 45.468679145151683 ], [ 9.179354114684831, 45.46867950478957 ], [ 9.179354244032572, 45.468679954637622 ], [ 9.179354373380315, 45.468680404485696 ], [ 9.179354375089884, 45.468680944543962 ], [ 9.179354376514528, 45.468681394592501 ], [ 9.179354377939172, 45.468681844641047 ], [ 9.179354251440708, 45.468682294890051 ], [ 9.179354124942245, 45.468682745139091 ], [ 9.179354126366885, 45.468683195187666 ], [ 9.179353871945308, 45.468683645637178 ], [ 9.179353489315686, 45.468684006277456 ], [ 9.179353362817212, 45.468684456526475 ], [ 9.179352980187577, 45.468684817166746 ], [ 9.179352597842872, 45.468685267816753 ], [ 9.179352215213232, 45.468685628457045 ], [ 9.179351704375547, 45.468685899288083 ], [ 9.1793513217459, 45.468686259928376 ], [ 9.179350810908208, 45.468686530759392 ], [ 9.17935030007051, 45.468686801590444 ], [ 9.17934966130969, 45.468687072621961 ], [ 9.179349150187054, 45.468687253443278 ], [ 9.179321678053121, 45.468697197610517 ], [ 9.179291777648034, 45.468707865656661 ], [ 9.179258044946716, 45.468720249890787 ], [ 9.179208466832941, 45.468738059538182 ], [ 9.179165658659432, 45.468752708210047 ], [ 9.179126173054717, 45.468766271543508 ], [ 9.179069563911408, 45.468785622307927 ], [ 9.178968994006262, 45.468819263404534 ], [ 9.178902413831066, 45.468840879932415 ], [ 9.178870465073985, 45.468851101019325 ], [ 9.178810529746025, 45.468870456853793 ], [ 9.178726951513092, 45.468897140405083 ], [ 9.178677622395096, 45.468912879199166 ], [ 9.178638005799531, 45.468925542466458 ], [ 9.178605162332071, 45.468936034906044 ], [ 9.178548676792577, 45.468954125076721 ], [ 9.178497814191326, 45.468970406246356 ], [ 9.178441073018895, 45.468988586772568 ], [ 9.178413724817569, 45.46899736039569 ], [ 9.178391871665113, 45.469004325243752 ], [ 9.178380242214143, 45.469008033787162 ], [ 9.178357877924652, 45.469015179445726 ], [ 9.178356087273864, 45.469015272246558 ], [ 9.178354807751854, 45.4690151842305 ], [ 9.178354932842307, 45.469014283934023 ], [ 9.178355314063825, 45.469013473248566 ], [ 9.178355696135361, 45.469012932592221 ], [ 9.178303214603174, 45.469043257781536 ], [ 9.178310146573379, 45.469050897844056 ], [ 9.178321956370185, 45.469063840904589 ], [ 9.178351224471106, 45.469096018929761 ], [ 9.178358409752279, 45.469102848503148 ], [ 9.178369395920139, 45.469097970832699 ], [ 9.178390474198936, 45.469088666933011 ], [ 9.178441572374961, 45.469065904713396 ], [ 9.178461245167417, 45.46905714305295 ], [ 9.178473257260878, 45.469053073863996 ], [ 9.178535228335555, 45.469030114625276 ], [ 9.178557588920802, 45.469021798805848 ], [ 9.178629527769418, 45.468995583597881 ], [ 9.17874439895764, 45.468953459511134 ], [ 9.178850836675416, 45.468914408833861 ], [ 9.178922008278104, 45.468888374660573 ], [ 9.17895970308753, 45.468874814198379 ], [ 9.179039948340259, 45.46884597544733 ], [ 9.179050170840737, 45.468842359048054 ], [ 9.179095532174996, 45.468825996231217 ], [ 9.179110482144193, 45.468820572225162 ], [ 9.179157632663143, 45.468803666522483 ], [ 9.179186641096681, 45.468794080030051 ], [ 9.179221016890962, 45.468782774931952 ], [ 9.179286329889917, 45.468765030639972 ], [ 9.179353316107475, 45.468750524053917 ], [ 9.179418777472966, 45.468739260184769 ], [ 9.179443709105412, 45.468734990617577 ], [ 9.179461097255755, 45.468731993016625 ], [ 9.179570042764208, 45.468717600517749 ], [ 9.179680025303574, 45.468707526774203 ], [ 9.179790661129031, 45.468701772385863 ], [ 9.179813044823256, 45.468700837116685 ], [ 9.17992983179411, 45.468698493314477 ], [ 9.180046635344681, 45.468701369955831 ], [ 9.180162944100902, 45.46870955785591 ], [ 9.180217971388233, 45.468715861934854 ], [ 9.180278117906562, 45.4687228780043 ], [ 9.18039202886902, 45.468741330606015 ], [ 9.18050403711489, 45.468764826663893 ], [ 9.18061363069147, 45.46879327698128 ], [ 9.180720553490012, 45.468826591959328 ], [ 9.180824037705127, 45.468864682808544 ], [ 9.18084273838325, 45.468872124101246 ], [ 9.180895514434138, 45.468894453218319 ], [ 9.18090960614588, 45.468900731653356 ], [ 9.180978276695386, 45.468933026731463 ], [ 9.181057978966958, 45.468974755381041 ], [ 9.181133210927641, 45.469018651293915 ], [ 9.181204869770689, 45.469065253119233 ], [ 9.181273083421674, 45.46911456066092 ], [ 9.181339776506105, 45.469168371078375 ], [ 9.18139853437544, 45.469220933892778 ], [ 9.181433053817665, 45.469254542965786 ], [ 9.18147785108172, 45.469301817272331 ], [ 9.181539875399173, 45.469375617227172 ], [ 9.181595255865828, 45.469451947974257 ], [ 9.181643352260071, 45.469530630519053 ], [ 9.181684163691619, 45.469611394841664 ], [ 9.181717560764952, 45.469693791104589 ], [ 9.181743414658783, 45.469777549488391 ], [ 9.181761468334903, 45.469862310365826 ], [ 9.181771815319289, 45.469937362385778 ], [ 9.181774733366611, 45.469969671389713 ], [ 9.181778230424271, 45.470062826324963 ], [ 9.181778657811863, 45.470076417176386 ], [ 9.181774337218478, 45.470165174031024 ], [ 9.18179388423532, 45.470117257590054 ], [ 9.181796170446082, 45.470112123380623 ], [ 9.181800121720336, 45.470107616596927 ], [ 9.181806121547888, 45.470103646619421 ], [ 9.181811738173421, 45.470099857270668 ], [ 9.181819144321887, 45.470095615027816 ], [ 9.181826295483322, 45.470091643220023 ], [ 9.181830381613223, 45.470089296464231 ], [ 9.181832297907324, 45.470088483328226 ], [ 9.181842390504231, 45.470084236815332 ], [ 9.181890806646605, 45.470063007490687 ], [ 9.181896173478757, 45.470061108747608 ], [ 9.181907035357192, 45.470057401067031 ], [ 9.181925313773881, 45.470052691483993 ], [ 9.181935795338855, 45.470050064526902 ], [ 9.181965201304008, 45.470044707175305 ], [ 9.182017494189376, 45.470035623000719 ], [ 9.182009805897005, 45.470031674782916 ], [ 9.182002112400887, 45.470026106390442 ], [ 9.181996206402136, 45.470019455033146 ], [ 9.181990551341631, 45.470011273104113 ], [ 9.181986690139144, 45.470003988423514 ], [ 9.181981406138332, 45.469991845458004 ], [ 9.181978174738514, 45.469981499430929 ], [ 9.181976220287012, 45.469970431292118 ], [ 9.181975945353479, 45.469964491060331 ], [ 9.181975544806939, 45.469959271109374 ], [ 9.181974842439709, 45.469939740026661 ], [ 9.181972180709598, 45.469907610640355 ], [ 9.181970603968177, 45.469894651687817 ], [ 9.181964198282568, 45.469851907058072 ], [ 9.181960417898777, 45.469829950595347 ], [ 9.181956512772206, 45.469808984442274 ], [ 9.181951842985761, 45.469788919606167 ], [ 9.181931131518777, 45.469713163997014 ], [ 9.181926348853658, 45.469697779866273 ], [ 9.181916273564097, 45.469667552475528 ], [ 9.181911110599168, 45.469653249070269 ], [ 9.18189678691804, 45.46961465748754 ], [ 9.181885569002052, 45.469587132214095 ], [ 9.181879770183212, 45.46957399994966 ], [ 9.181874231262496, 45.469562127413859 ], [ 9.181852341275935, 45.469517697190277 ], [ 9.18184629153343, 45.469506095495177 ], [ 9.181835996293255, 45.469487029703679 ], [ 9.181828922002838, 45.469475069594942 ], [ 9.181790087096699, 45.46941230421136 ], [ 9.181758199765593, 45.469361859169503 ], [ 9.181726079450531, 45.469318525289879 ], [ 9.181702700480907, 45.469288409013572 ], [ 9.181696020986067, 45.469279868654894 ], [ 9.181657246390674, 45.469235825238997 ], [ 9.181634648888675, 45.469210028194944 ], [ 9.181567527857172, 45.469142537086348 ], [ 9.181541224961514, 45.469118096054501 ], [ 9.181513514347623, 45.469093477229023 ], [ 9.181497222726986, 45.469079371474663 ] ], [ [ 9.181470209017027, 45.469152502555779 ], [ 9.181466235007674, 45.469149898563124 ], [ 9.181458921709931, 45.469143159398392 ], [ 9.181454174679743, 45.469138846438177 ], [ 9.181468978129139, 45.46912766170648 ], [ 9.181472427466947, 45.469126216074336 ], [ 9.181474345175159, 45.469125852992725 ], [ 9.181477031869465, 45.469125938742366 ], [ 9.18147946415716, 45.469126474946108 ], [ 9.181481769962412, 45.469127461401165 ], [ 9.181483052374929, 45.469128449479115 ], [ 9.181491904511384, 45.469136356333784 ], [ 9.181492546150331, 45.46913698538723 ], [ 9.181493573868359, 45.469138333909569 ], [ 9.181493959947437, 45.469139053378463 ], [ 9.181494474238988, 45.469139862654174 ], [ 9.181494604469835, 45.469140582528816 ], [ 9.181494862913153, 45.469141392210297 ], [ 9.181495121068135, 45.469142111882057 ], [ 9.181495123663201, 45.469142921969279 ], [ 9.181495126258262, 45.469143732056523 ], [ 9.181494747387637, 45.469145262829926 ], [ 9.181493859127128, 45.469147514492377 ], [ 9.181491565142583, 45.469150218434947 ], [ 9.181489267697843, 45.469151842261184 ], [ 9.18148850159457, 45.469152293526868 ], [ 9.181486713251346, 45.469153106454321 ], [ 9.18148466848311, 45.469153739768096 ], [ 9.181481472109072, 45.469154284897961 ], [ 9.181479425610837, 45.469154378153483 ], [ 9.181477250611815, 45.469154291592453 ], [ 9.181475202960337, 45.46915402480915 ], [ 9.181473026808106, 45.469153578209259 ], [ 9.181470209017027, 45.469152502555779 ] ], [ [ 9.181433007821422, 45.469120337907498 ], [ 9.181423258497892, 45.469111892409678 ], [ 9.181420947506304, 45.469109285778998 ], [ 9.181420175350425, 45.469107846840693 ], [ 9.181419528236436, 45.46910550760267 ], [ 9.181419523048479, 45.469103887428211 ], [ 9.181420155463188, 45.469101636171892 ], [ 9.181421427498028, 45.469099383901586 ], [ 9.181423340305821, 45.469097490656061 ], [ 9.181424871647227, 45.469096318096433 ], [ 9.181425765674282, 45.469095866628344 ], [ 9.181427553728339, 45.469094963692143 ], [ 9.181430620734341, 45.469093968718148 ], [ 9.181431643550047, 45.469093787076275 ], [ 9.18143381739371, 45.469093513599418 ], [ 9.18143599181384, 45.469093420141881 ], [ 9.181437143418284, 45.469093508326225 ], [ 9.181439446915437, 45.469093774704596 ], [ 9.181440471172378, 45.469094043111113 ], [ 9.181443544231518, 45.469094938340312 ], [ 9.181445338050477, 45.469095835597706 ], [ 9.181447004521997, 45.469096913077266 ], [ 9.181447773795757, 45.469097451918451 ], [ 9.181454700431351, 45.469103291595545 ], [ 9.181456242150279, 45.469105359384429 ], [ 9.181456759612058, 45.469107158766938 ], [ 9.181456636012184, 45.469108509115152 ], [ 9.181456002157461, 45.469110310323188 ], [ 9.181454727817552, 45.469111842516327 ], [ 9.181450899320279, 45.469114728911521 ], [ 9.181437882484275, 45.469124560656098 ], [ 9.181433007821422, 45.469120337907498 ] ], [ [ 9.181042922304842, 45.468866677008343 ], [ 9.181041384346546, 45.468865779339836 ], [ 9.181040614504575, 45.468865060476496 ], [ 9.181039587377548, 45.468863891969384 ], [ 9.18103894344584, 45.468862542835758 ], [ 9.181038811208166, 45.468861192892653 ], [ 9.181038934817495, 45.468859842544802 ], [ 9.181039315711864, 45.468858941840693 ], [ 9.18103944363536, 45.468858941638324 ], [ 9.181039824817326, 45.468858130943929 ], [ 9.181040844466272, 45.468856959198874 ], [ 9.181055774984518, 45.46884550428868 ], [ 9.181062309148874, 45.468848644306135 ], [ 9.181074993709302, 45.468854924947166 ], [ 9.181076787802478, 45.468855912220086 ], [ 9.181077557069438, 45.468856451063793 ], [ 9.181078968255264, 45.468857708973026 ], [ 9.181080123881841, 45.468859057296761 ], [ 9.181080896025659, 45.46886049623744 ], [ 9.18108115446177, 45.468861305919901 ], [ 9.181081543122815, 45.468862835477509 ], [ 9.181081675936873, 45.46886436543997 ], [ 9.181081553191596, 45.468865985816961 ], [ 9.181080918464575, 45.468867516993903 ], [ 9.181080536995458, 45.468868237678727 ], [ 9.181079646133675, 45.468869679250815 ], [ 9.181078370925935, 45.468870941410721 ], [ 9.181077733322043, 45.468871572490691 ], [ 9.181076839583415, 45.468872113965773 ], [ 9.181075180029634, 45.468873196713488 ], [ 9.18107326376574, 45.468874009836931 ], [ 9.181070196477677, 45.468874914791655 ], [ 9.181069173664751, 45.468875096430295 ], [ 9.181068022928297, 45.468875278271312 ], [ 9.181066999827699, 45.468875369900218 ], [ 9.18106482512767, 45.468875373341014 ], [ 9.181061370041732, 45.468875018766916 ], [ 9.181059321539379, 45.468874481947047 ], [ 9.181056375558887, 45.46887331647595 ], [ 9.181042922304842, 45.468866677008343 ] ], [ [ 9.180985526600981, 45.468839854757611 ], [ 9.180982194265777, 45.468837879804227 ], [ 9.180979883593244, 45.468835363174122 ], [ 9.180978467234905, 45.468832485089081 ], [ 9.180978201900052, 45.468829515173603 ], [ 9.180979979027217, 45.468825191875816 ], [ 9.180983295260322, 45.468822126286085 ], [ 9.180984955101897, 45.468821133549383 ], [ 9.180988916127076, 45.468819687122554 ], [ 9.180992240697943, 45.468819231813868 ], [ 9.180994415108287, 45.468819138364744 ], [ 9.180996590093709, 45.468819224935004 ], [ 9.180997741979443, 45.468819403133487 ], [ 9.18100273588065, 45.468820925407634 ], [ 9.181027973316526, 45.468832316777871 ], [ 9.181034506902606, 45.468835276777519 ], [ 9.181017023664939, 45.468848535925865 ], [ 9.181016512833782, 45.468848806764335 ], [ 9.181016002002618, 45.468849077602812 ], [ 9.181015362960405, 45.468849258633938 ], [ 9.181014723918185, 45.468849439665036 ], [ 9.18101421279944, 45.468849620493799 ], [ 9.181012806503945, 45.468849892748651 ], [ 9.18101152755677, 45.468849984781741 ], [ 9.18101076030349, 45.468850076005467 ], [ 9.18100948078118, 45.468849988019151 ], [ 9.181008200683751, 45.468849720013409 ], [ 9.181006920586334, 45.468849452007667 ], [ 9.180985526600981, 45.468839854757611 ] ] ] ] } },
{ "type": "Feature", "properties": { "id_amat": 134, "tipo": "AP", "nome": "Oberdan", "gruppo_id": "0", "ordinanza": "393/2016 (Area Pedonale)", "deroghe": "transito e sosta: velocipedi,mezzi soccorso, emergenza, polizia, traslochi,servizio bike sharing; transito: possessori di box o posto auto, pilizia stradale", "val_inizio": "2015-03-09 00:00:00+01", "val_fine": "2050-01-01 00:00:00+01", "delibera": "583/2015", "tratto": "da via Tadino a c.so Buenos Aires", "note": null, "cartello": "AP", "dissuasori": null, "name": "Municipio 3", "ANNO": 2016, "area": 2631.837 }, "geometry": { "type": "MultiPolygon", "coordinates": [ [ [ [ 9.204403787573614, 45.47542327187513 ], [ 9.204412137018041, 45.475432527993853 ], [ 9.205404280521838, 45.474967469395978 ], [ 9.205404536722559, 45.474967558946091 ], [ 9.205338166408287, 45.474905121087566 ], [ 9.205340377889325, 45.474915198245341 ], [ 9.205340250931389, 45.474915468503376 ], [ 9.205338167713711, 45.474905481125468 ], [ 9.205275110201129, 45.474839256861621 ], [ 9.205250372720581, 45.474826699832583 ], [ 9.20523847394454, 45.474826541157206 ], [ 9.205203307953996, 45.474831194745867 ], [ 9.204743683823329, 45.474952811656792 ], [ 9.204681828303546, 45.474971194370873 ], [ 9.204639283452812, 45.474987382273326 ], [ 9.204616295736161, 45.474998764653272 ], [ 9.204253547159269, 45.475163861176064 ], [ 9.204238867447124, 45.475173068406768 ], [ 9.204227133866079, 45.475183260487512 ], [ 9.204223590562592, 45.475194068018709 ], [ 9.204219782943364, 45.475202535760111 ], [ 9.204218655847558, 45.475209288525974 ], [ 9.20422432762653, 45.475221069719595 ], [ 9.204329414871404, 45.475341225539999 ], [ 9.204339934041267, 45.475349037628476 ], [ 9.204347747678154, 45.475351633965055 ], [ 9.204340448716225, 45.475349846799752 ], [ 9.204402116905369, 45.475421204628589 ], [ 9.204403787573614, 45.47542327187513 ] ] ] ] } },
{ "type": "Feature", "properties": { "id_amat": 142, "tipo": "AP", "nome": "Piazza del Liberty", "gruppo_id": "0", "ordinanza": "1093/2018 (istituzione di area pedonale  in piazza liberty)", "deroghe": "carico e scarico merci (2:00 alle 7.30), residenti e domiciliati, possessori di box o posto auto, velocipedi, altri autorizzati", "val_inizio": "2012-01-27 00:00:00+01", "val_fine": "2050-01-01 00:00:00+01", "delibera": "133/2012", "tratto": "tutta", "note": null, "cartello": "AP", "dissuasori": null, "name": "Municipio 1", "ANNO": 2018, "area": 2283.048 }, "geometry": { "type": "MultiPolygon", "coordinates": [ [ [ [ 9.194546112176457, 45.465671028014938 ], [ 9.19456048077603, 45.465645980747368 ], [ 9.194561879816835, 45.465643638103195 ], [ 9.194577647441976, 45.465616248189164 ], [ 9.194604986154085, 45.46556867630796 ], [ 9.194616684854768, 45.465548404114564 ], [ 9.194621898487485, 45.465539394226255 ], [ 9.194623169916435, 45.465537141808547 ], [ 9.194637538448035, 45.465512094530808 ], [ 9.194564564297995, 45.465494126585625 ], [ 9.194427628652598, 45.465437922944638 ], [ 9.194451791141102, 45.465396657210157 ], [ 9.194453444775696, 45.465393954093699 ], [ 9.194446146174915, 45.465391806251681 ], [ 9.194446780810056, 45.465390365009874 ], [ 9.194431928088283, 45.465386159768919 ], [ 9.194429879586297, 45.465385623188496 ], [ 9.194370469648788, 45.465369072233223 ], [ 9.194351263797552, 45.465363704243501 ], [ 9.194349480082137, 45.465365777507962 ], [ 9.194162027951826, 45.465312449654412 ], [ 9.194030783991247, 45.465274507950731 ], [ 9.193993011997136, 45.465263770769099 ], [ 9.193950374616215, 45.465251691668691 ], [ 9.19394910470743, 45.46525439412752 ], [ 9.193801876246718, 45.465217829406015 ], [ 9.193736468688908, 45.465355025718971 ], [ 9.193575162951099, 45.465316594325138 ], [ 9.193549763442167, 45.465370373386307 ], [ 9.19370108236012, 45.465406031405401 ], [ 9.193722092556227, 45.465527599628203 ], [ 9.193857050157087, 45.465566615515868 ], [ 9.193859720993023, 45.465562110480633 ], [ 9.194087894761205, 45.465628151212435 ], [ 9.194085351548123, 45.465632566026272 ], [ 9.194225164292719, 45.465669773038918 ], [ 9.194223002060031, 45.465673377117263 ], [ 9.194257318164583, 45.465683400007507 ], [ 9.194290899448392, 45.465628346756908 ], [ 9.194385358962984, 45.465644928226055 ], [ 9.194436243016016, 45.465637100895066 ], [ 9.194546112176457, 45.465671028014938 ] ] ], [ [ [ 9.193864743054208, 45.465085857949376 ], [ 9.193884684616728, 45.46504459948352 ], [ 9.193884556701956, 45.465044599700256 ], [ 9.193884300564395, 45.465044510124066 ], [ 9.193865504383687, 45.465084056455225 ], [ 9.193864743054208, 45.465085857949376 ], [ 9.193864743054208, 45.465085857949376 ] ] ] ] } },
{ "type": "Feature", "properties": { "id_amat": 147, "tipo": "AP", "nome": "Piazzetta Gaetano Dell'Amore", "gruppo_id": "0", "ordinanza": "66188/2011 (Istituzione area pedonale urbana)", "deroghe": "veicoli diretti all'interno delle prorpietà, velocipedi", "val_inizio": null, "val_fine": "2050-01-01 00:00:00+01", "delibera": null, "tratto": null, "note": null, "cartello": "AP", "dissuasori": null, "name": "Municipio 1", "ANNO": 2011, "area": 410.746 }, "geometry": { "type": "MultiPolygon", "coordinates": [ [ [ [ 9.187521361162341, 45.468318253733244 ], [ 9.187501114559851, 45.468501007536737 ], [ 9.187757514826441, 45.4685522529604 ], [ 9.187846057934552, 45.468442565282281 ], [ 9.187521361162341, 45.468318253733244 ] ] ] ] } },
{ "type": "Feature", "properties": { "id_amat": 151, "tipo": "AP", "nome": "Morozzo delle Rocca", "gruppo_id": "0", "ordinanza": "55435/2004 (Istituzione area pedonale urbana)", "deroghe": null, "val_inizio": null, "val_fine": "2050-01-01 00:00:00+01", "delibera": null, "tratto": null, "note": null, "cartello": "AP", "dissuasori": null, "name": "Municipio 1", "ANNO": 2004, "area": 161.459 }, "geometry": { "type": "MultiPolygon", "coordinates": [ [ [ [ 9.168861473565519, 45.463887302524142 ], [ 9.168997242264785, 45.46411959855913 ], [ 9.169032645132768, 45.464109825175157 ], [ 9.169054053673038, 45.464082700477256 ], [ 9.168928934009434, 45.46386128002942 ], [ 9.168861473565519, 45.463887302524142 ] ] ] ] } },
{ "type": "Feature", "properties": { "id_amat": 152, "tipo": "AP", "nome": "Piazza XXIV Maggio", "gruppo_id": "0", "ordinanza": "149/2018 (istituzione percorso pedonale e ciclabile)", "deroghe": null, "val_inizio": null, "val_fine": "2050-01-01 00:00:00+01", "delibera": null, "tratto": "tutta", "note": "AP di fatto", "cartello": null, "dissuasori": null, "name": "Municipio 5", "ANNO": 2018, "area": 4692.386 }, "geometry": { "type": "MultiPolygon", "coordinates": [ [ [ [ 9.179626287816928, 45.452844739238429 ], [ 9.179793275508359, 45.452834035804052 ], [ 9.179811106701946, 45.452972263771699 ], [ 9.18020181755562, 45.452935915077937 ], [ 9.180175739122443, 45.452818582569734 ], [ 9.179961085893414, 45.452558790239777 ], [ 9.17996337956667, 45.452556176330958 ], [ 9.17996214086623, 45.452528545082579 ], [ 9.179972750749991, 45.452486763566426 ], [ 9.180007275349578, 45.452364385114848 ], [ 9.179218588160655, 45.452401987159469 ], [ 9.178829096866822, 45.452378023610919 ], [ 9.178813946697151, 45.452440244479646 ], [ 9.178986389265759, 45.452456356803751 ], [ 9.179596065739101, 45.452468633169808 ], [ 9.179806160898476, 45.452461282453008 ], [ 9.179815410440444, 45.4525550587691 ], [ 9.179613874499559, 45.452559605746664 ], [ 9.179626287816928, 45.452844739238429 ] ] ], [ [ [ 9.18024330038644, 45.452709383565775 ], [ 9.180332625800007, 45.452567386436542 ], [ 9.180353211428701, 45.452525859196413 ], [ 9.180360033111315, 45.452499385384371 ], [ 9.180329471475497, 45.452420044362377 ], [ 9.180296256664434, 45.452350878688002 ], [ 9.180056895197605, 45.452364307054864 ], [ 9.180017271252149, 45.452491734126049 ], [ 9.18002208136984, 45.452516389412359 ], [ 9.180055197028134, 45.452554411718275 ], [ 9.180121023654817, 45.452623796167167 ], [ 9.180191761931546, 45.452709464727704 ], [ 9.180248490767994, 45.452934041366539 ], [ 9.180274707703886, 45.452934000070414 ], [ 9.18024330038644, 45.452709383565775 ] ] ], [ [ [ 9.180654391276541, 45.452888756168768 ], [ 9.18069907869971, 45.452865732962522 ], [ 9.180677315122253, 45.45261787866081 ], [ 9.180652814744633, 45.452313772155392 ], [ 9.180613068554008, 45.452322115849789 ], [ 9.180572358036857, 45.452348913186945 ], [ 9.18054032625883, 45.452370206182842 ], [ 9.180395645141068, 45.452598430715938 ], [ 9.180304421365468, 45.452786876255125 ], [ 9.180309978599034, 45.452925753556393 ], [ 9.180378897345173, 45.452921684489922 ], [ 9.180654391276541, 45.452888756168768 ] ] ], [ [ [ 9.180333684937374, 45.452337498173272 ], [ 9.180376129365625, 45.452413490081277 ], [ 9.180397636900631, 45.452500946300837 ], [ 9.180434941313608, 45.452408446795602 ], [ 9.18048879506698, 45.452332303072467 ], [ 9.18044122601022, 45.452333818253166 ], [ 9.180333684937374, 45.452337498173272 ] ] ], [ [ [ 9.179695529709377, 45.452982976528034 ], [ 9.179621242410262, 45.452987953712636 ], [ 9.179622454835066, 45.452966979385423 ], [ 9.179623556768702, 45.45295149586623 ], [ 9.179624146296137, 45.452935743120037 ], [ 9.179620225868815, 45.452990025547471 ], [ 9.179695529709377, 45.452982976528034 ] ] ] ] } },
{ "type": "Feature", "properties": { "id_amat": 154, "tipo": "AP", "nome": "Via della Spiga tratto B", "gruppo_id": "0", "ordinanza": "43802/1997 (Istituzione area pedonale urbana)", "deroghe": "velocipedi, carico e scarico merci (lun-sab dalle 8:00 alle 20:00), veicoli diretti alle proprieta' private", "val_inizio": "1997-03-18 00:00:00+01", "val_fine": "2050-01-01 00:00:00+01", "delibera": null, "tratto": "Da Via S. Andrea a VIa Gesù", "note": null, "cartello": "AP", "dissuasori": null, "name": "Municipio 1", "ANNO": 1997, "area": 666.905 }, "geometry": { "type": "MultiPolygon", "coordinates": [ [ [ [ 9.197607604902796, 45.469501295377832 ], [ 9.197206114916515, 45.469851677449455 ], [ 9.196830631257571, 45.470140536433412 ], [ 9.196615544582981, 45.470312915588387 ], [ 9.196653591802825, 45.470364966070662 ], [ 9.196790346261862, 45.470254468543672 ], [ 9.19720749280401, 45.469916752404799 ], [ 9.197405594087043, 45.469753582462538 ], [ 9.197605088529151, 45.46958671935014 ], [ 9.197672057252801, 45.469531607478686 ], [ 9.197607604902796, 45.469501295377832 ] ] ] ] } },
{ "type": "Feature", "properties": { "id_amat": 157, "tipo": "AP", "nome": "Pio IV", "gruppo_id": "0", "ordinanza": "52037/2002 (Istituzione area pedonale urbana)", "deroghe": "carico e scarico merci (lun-sab dalle 8:00 alle 11:00), residenti", "val_inizio": "2002-06-14 00:00:00+02", "val_fine": "2050-01-01 00:00:00+01", "delibera": null, "tratto": null, "note": null, "cartello": "AP", "dissuasori": null, "name": "Municipio 1", "ANNO": 2002, "area": 1316.762 }, "geometry": { "type": "MultiPolygon", "coordinates": [ [ [ [ 9.181221471470872, 45.458696948181775 ], [ 9.181531435136604, 45.45867548450984 ], [ 9.18185306724879, 45.458663272517448 ], [ 9.181880467821195, 45.458951532002814 ], [ 9.181892732170528, 45.458947102004792 ], [ 9.182051759210626, 45.458841717086322 ], [ 9.182049324758005, 45.458840370804417 ], [ 9.18209947005629, 45.458803026752314 ], [ 9.182088767995028, 45.458696561580766 ], [ 9.182080381948573, 45.458514754086366 ], [ 9.182015167642362, 45.458519448355496 ], [ 9.181829743963482, 45.458529554248749 ], [ 9.181819669594496, 45.458538841318017 ], [ 9.18140852303641, 45.458555875686891 ], [ 9.181221471470872, 45.458696948181775 ] ] ] ] } },
{ "type": "Feature", "properties": { "id_amat": 161, "tipo": "AP", "nome": "Sant'Ambrogio civici pari", "gruppo_id": "0", "ordinanza": "71521/2014 (Delimitazione di area pedonale)", "deroghe": "velocipedi, mezzi di soccorso e di emergenza,residenti, domiciliati, possessori di box o posto auto, taxi, ulteriori veicoli autorizzati", "val_inizio": null, "val_fine": "2050-01-01 00:00:00+01", "delibera": null, "tratto": "lato civici pari", "note": null, "cartello": "AP", "dissuasori": null, "name": "Municipio 1", "ANNO": 2014, "area": 8237.035 }, "geometry": { "type": "MultiPolygon", "coordinates": [ [ [ [ 9.17453399755709, 45.462507216609133 ], [ 9.17453747854781, 45.462516122315598 ], [ 9.174553336685593, 45.46255678276443 ], [ 9.174672325216008, 45.462816280795948 ], [ 9.174878156427598, 45.46327978925752 ], [ 9.174986444888015, 45.463511310094674 ], [ 9.175021091574076, 45.463588485898811 ], [ 9.175066557742243, 45.463689857894799 ], [ 9.175092363701056, 45.463762186645411 ], [ 9.175094424198226, 45.463766684004732 ], [ 9.17511016574613, 45.463810764934586 ], [ 9.175187083552352, 45.463989947601021 ], [ 9.175314141443476, 45.463961579836564 ], [ 9.17544572239831, 45.463948146695223 ], [ 9.175680144297246, 45.46393437556214 ], [ 9.175791174031055, 45.463811071074701 ], [ 9.175435730869983, 45.46357164920402 ], [ 9.175312345664802, 45.463298387170127 ], [ 9.175535017891345, 45.463002272197279 ], [ 9.175092568349454, 45.462752001390086 ], [ 9.174899595960749, 45.462310436124241 ], [ 9.174916813594344, 45.462211308517261 ], [ 9.174822011370203, 45.462162847831031 ], [ 9.174844701589311, 45.462137700306286 ], [ 9.174684582292228, 45.462062066165181 ], [ 9.174425569309197, 45.462187485462728 ], [ 9.17453399755709, 45.462507216609133 ] ] ] ] } },
{ "type": "Feature", "properties": { "id_amat": 167, "tipo": "AP", "nome": "Vespucci", "gruppo_id": "0", "ordinanza": "70883/2014 (Area Pedonale)", "deroghe": "velocipedi, residenti, domiciliati, possessori di box auto, ulteriori veicoli autorizzati", "val_inizio": "2013-12-30 00:00:00+01", "val_fine": "2050-01-01 00:00:00+01", "delibera": "2868/2013", "tratto": "compreso tra i civici 1 e 11 lato ovest della via", "note": null, "cartello": "AP", "dissuasori": "Pilomat", "name": "Municipio 9", "ANNO": 2014, "area": 1209.951 }, "geometry": { "type": "MultiPolygon", "coordinates": [ [ [ [ 9.192964778324864, 45.481436000877437 ], [ 9.192963902339406, 45.481404228840226 ], [ 9.192904453591403, 45.481118187417991 ], [ 9.192899389294631, 45.48109641354484 ], [ 9.192869782644486, 45.480969099355029 ], [ 9.192865726652485, 45.480942823282149 ], [ 9.192858350690464, 45.48091853302379 ], [ 9.192840827529135, 45.480845204435347 ], [ 9.192841901226458, 45.480822340094726 ], [ 9.192846180247493, 45.480763826405585 ], [ 9.192845920668425, 45.480762746723478 ], [ 9.19284757789222, 45.480760943731212 ], [ 9.192843556256806, 45.480744748714933 ], [ 9.192775880516493, 45.480447109770999 ], [ 9.192631663560441, 45.480479756231269 ], [ 9.192633735557118, 45.480487043550816 ], [ 9.192638799083829, 45.480508637419391 ], [ 9.192740593378144, 45.480981378367801 ], [ 9.192780884788087, 45.481165380865299 ], [ 9.19278868168311, 45.481200561623481 ], [ 9.192843388173845, 45.481446826693833 ], [ 9.192847071065467, 45.481476253742393 ], [ 9.19296921948176, 45.481462636334783 ], [ 9.192964778324864, 45.481436000877437 ] ] ] ] } },
{ "type": "Feature", "properties": { "id_amat": 170, "tipo": "AP", "nome": "Santa Maria delle Grazie", "gruppo_id": "0", "ordinanza": "38386/1993 (Istituzione area pedonale urbana)", "deroghe": "veicoli diretti alle proprieta' private,veicoli connessi alle funzioni religiose", "val_inizio": "1993-02-26 00:00:00+01", "val_fine": "2050-01-01 00:00:00+01", "delibera": null, "tratto": "tutta la piazza, primi 15 m. di via Ruffini", "note": null, "cartello": "AP", "dissuasori": null, "name": "Municipio 1", "ANNO": null, "area": 1996.395 }, "geometry": { "type": "MultiPolygon", "coordinates": [ [ [ [ 9.170737104549309, 45.466152237222907 ], [ 9.17070834604737, 45.466074961361912 ], [ 9.170700220561525, 45.466052830972501 ], [ 9.170684616785508, 45.466011089512044 ], [ 9.170676620590722, 45.465989408978871 ], [ 9.170643864306282, 45.465901337837074 ], [ 9.170638366048854, 45.465902066116186 ], [ 9.170633847762701, 45.465888391302123 ], [ 9.170651108405494, 45.465885665261446 ], [ 9.170652655333887, 45.465889623403733 ], [ 9.170654828565045, 45.465889170112355 ], [ 9.170654183288651, 45.465887280860301 ], [ 9.170646826947419, 45.465780719751152 ], [ 9.170113154815269, 45.465780164047715 ], [ 9.170242824240063, 45.466150543232366 ], [ 9.170158087597011, 45.466217456806888 ], [ 9.17035848570014, 45.466328591318188 ], [ 9.170538941131994, 45.466188626754224 ], [ 9.170737104549309, 45.466152237222907 ] ] ] ] } },
{ "type": "Feature", "properties": { "id_amat": 171, "tipo": "AP", "nome": "Piazza del Duomo", "gruppo_id": "0", "ordinanza": "41965/1996 (Istituzione area pedonale urbana)", "deroghe": "velocipedi", "val_inizio": "1996-01-12 00:00:00+01", "val_fine": "2050-01-01 00:00:00+01", "delibera": null, "tratto": null, "note": null, "cartello": "AP", "dissuasori": null, "name": "Municipio 1", "ANNO": 1996, "area": 36929.352 }, "geometry": { "type": "MultiPolygon", "coordinates": [ [ [ [ 9.188547641471756, 45.463691933324661 ], [ 9.188549554457341, 45.463690219978155 ], [ 9.18865583334197, 45.463762143009703 ], [ 9.188699211829805, 45.463843800778164 ], [ 9.188704060839809, 45.463993929849131 ], [ 9.188704086019706, 45.464001490667002 ], [ 9.188704909635952, 45.464056755590271 ], [ 9.188705778218676, 45.464125521973195 ], [ 9.188709346674573, 45.46415999000601 ], [ 9.188709838600303, 45.464307695977539 ], [ 9.188708572747936, 45.464350092881361 ], [ 9.188708574246794, 45.464350542930028 ], [ 9.188705135838557, 45.464470352208892 ], [ 9.18870548027213, 45.464573773386682 ], [ 9.188663820070076, 45.464662592158085 ], [ 9.188602372892122, 45.464763414886143 ], [ 9.188595733638381, 45.464767116247572 ], [ 9.188591909394804, 45.464771082999945 ], [ 9.188582474900267, 45.464780459611134 ], [ 9.18857956342953, 45.464789645451496 ], [ 9.188609608593662, 45.464785185433108 ], [ 9.188705800091054, 45.464785026845917 ], [ 9.188705800390826, 45.464785116855644 ], [ 9.1887058048874, 45.464786467001495 ], [ 9.189193796755173, 45.464785391189722 ], [ 9.18929612783157, 45.464785131944154 ], [ 9.189493499171251, 45.4647847152618 ], [ 9.189493495859974, 45.464783725154881 ], [ 9.189588791649298, 45.464783477297161 ], [ 9.189588798877542, 45.464785637530433 ], [ 9.18979294846269, 45.464784849059328 ], [ 9.189792792508836, 45.464776478367661 ], [ 9.189792785574305, 45.464774408144152 ], [ 9.189802250923044, 45.464774302434321 ], [ 9.189802207504689, 45.464761341034816 ], [ 9.189903131175555, 45.464760993569641 ], [ 9.189903175220387, 45.46477413498851 ], [ 9.190085452035573, 45.464773562312232 ], [ 9.190085408552328, 45.464760600912953 ], [ 9.190095641685064, 45.46476058391363 ], [ 9.190185308906049, 45.464760254898351 ], [ 9.190185352714311, 45.464773306307265 ], [ 9.190195074192545, 45.464773290149424 ], [ 9.190195235342333, 45.464783191005623 ], [ 9.190246145197627, 45.464783106375904 ], [ 9.190398874762154, 45.464782852350631 ], [ 9.190398871132563, 45.464781772234062 ], [ 9.190499668433421, 45.464781874503181 ], [ 9.190499673578069, 45.464783404668324 ], [ 9.190658670634372, 45.464783049851256 ], [ 9.190725569460827, 45.464782848356037 ], [ 9.190796817369609, 45.464782639570139 ], [ 9.19080014313891, 45.464782634024743 ], [ 9.19087343767424, 45.464782421778423 ], [ 9.191311676587281, 45.464783130092947 ], [ 9.191311659567839, 45.464778089549135 ], [ 9.191449035148862, 45.464776599645859 ], [ 9.191517852980363, 45.464776484486165 ], [ 9.192159087990529, 45.464775769491837 ], [ 9.192206288627512, 45.464775780227612 ], [ 9.192210126052847, 45.464775773781732 ], [ 9.19235889390764, 45.464776603913016 ], [ 9.192365545444922, 45.464776592731162 ], [ 9.192383709258252, 45.464776562194146 ], [ 9.192418766302088, 45.46477902353417 ], [ 9.19241876874753, 45.464779743611793 ], [ 9.192428873968153, 45.464779726618552 ], [ 9.192485924000342, 45.464779720674848 ], [ 9.192598105351644, 45.464779711931492 ], [ 9.192598102903915, 45.464778991853855 ], [ 9.19260245198611, 45.464778984533588 ], [ 9.19260244403082, 45.46477664428128 ], [ 9.192622782384911, 45.464776610046023 ], [ 9.192657322273133, 45.46477745199946 ], [ 9.192657452635794, 45.464778171861738 ], [ 9.192664743744039, 45.46477815958562 ], [ 9.192664750783692, 45.464780229808788 ], [ 9.1927024869987, 45.46478061631565 ], [ 9.192746625047505, 45.464782792230977 ], [ 9.19279422290845, 45.464786762504303 ], [ 9.192832102666006, 45.464791739247623 ], [ 9.192884322305387, 45.464800652256706 ], [ 9.192905934416032, 45.464761461378735 ], [ 9.19296733590034, 45.464649475144881 ], [ 9.192967321185849, 45.464645154679097 ], [ 9.192967240031525, 45.464583767844928 ], [ 9.192967110749212, 45.464508249486251 ], [ 9.192967003456761, 45.464476746088977 ], [ 9.192966960233282, 45.464464054720331 ], [ 9.192934470519081, 45.464464199516158 ], [ 9.192886503275011, 45.464464370394012 ], [ 9.192884224501229, 45.464283453682519 ], [ 9.192883012890947, 45.464190565170192 ], [ 9.192882467979747, 45.464143220708515 ], [ 9.192878989589893, 45.463872925847987 ], [ 9.192925677824084, 45.463872937150192 ], [ 9.192960214099303, 45.463872878915886 ], [ 9.192956823490693, 45.463816268196595 ], [ 9.192948142202072, 45.463633382036932 ], [ 9.192538047853688, 45.463631192483817 ], [ 9.192168489599037, 45.46362542299012 ], [ 9.192163628653866, 45.463625341143249 ], [ 9.192151604355187, 45.463625181315201 ], [ 9.192050029139674, 45.463621391389786 ], [ 9.192047342691662, 45.46362130588836 ], [ 9.191894979284186, 45.4636154408078 ], [ 9.191893596948479, 45.46362273395517 ], [ 9.191845883493761, 45.463622093878357 ], [ 9.191543869968532, 45.463618369345824 ], [ 9.191518529179502, 45.463614181280555 ], [ 9.191513959958176, 45.46362472012575 ], [ 9.191512690577614, 45.463627602577837 ], [ 9.191385574043707, 45.463598111878269 ], [ 9.191513042412399, 45.463353250780159 ], [ 9.19151672810049, 45.4633462238127 ], [ 9.191513013511138, 45.463344699855618 ], [ 9.191193427107901, 45.463212289159337 ], [ 9.191187948513027, 45.463218689040445 ], [ 9.19098172352725, 45.463133343665568 ], [ 9.190986819922799, 45.463127394483386 ], [ 9.190668901231108, 45.462995699613074 ], [ 9.190454745805262, 45.463214331097575 ], [ 9.19044926440373, 45.463219920855742 ], [ 9.190439542890106, 45.463219847025073 ], [ 9.190439869001249, 45.463316877523816 ], [ 9.190439881404396, 45.463320567923077 ], [ 9.190439893807545, 45.463324258322324 ], [ 9.190439906513213, 45.463328038731348 ], [ 9.190439918916368, 45.463331729130601 ], [ 9.190439931622038, 45.46333550953959 ], [ 9.190439944327716, 45.463339289948614 ], [ 9.190439956730875, 45.463342980347846 ], [ 9.190439969436554, 45.463346760756842 ], [ 9.190439982142237, 45.463350541165816 ], [ 9.190439994545409, 45.463354231565084 ], [ 9.190440007251095, 45.463358011974059 ], [ 9.19044001965427, 45.463361702373305 ], [ 9.190440032359961, 45.463365482782265 ], [ 9.190440045065653, 45.46336926319124 ], [ 9.190440057468834, 45.463372953590493 ], [ 9.190440070174535, 45.463376733999461 ], [ 9.190440082577721, 45.463380424398693 ], [ 9.190440090443156, 45.463382764651854 ], [ 9.190440095283428, 45.46338420480766 ], [ 9.190440107989136, 45.46338798521662 ], [ 9.190440120392328, 45.463391675615853 ], [ 9.190440133098042, 45.463395456024784 ], [ 9.190440145501235, 45.463399146424024 ], [ 9.190440158206957, 45.463402926832984 ], [ 9.190440170912675, 45.463406707241937 ], [ 9.190440183315884, 45.463410397641148 ], [ 9.190440196021605, 45.463414178050073 ], [ 9.190440208727333, 45.463417958459019 ], [ 9.190440221130546, 45.463421648858237 ], [ 9.190440312188354, 45.463448741788902 ], [ 9.190440324591584, 45.463452432188085 ], [ 9.190440336994822, 45.463456122587267 ], [ 9.19044034939806, 45.46345981298645 ], [ 9.190440361801299, 45.463463503385611 ], [ 9.190440374204542, 45.463467193784787 ], [ 9.190440386607788, 45.46347088418397 ], [ 9.190440399011033, 45.463474574583145 ], [ 9.190440411111762, 45.463478174972572 ], [ 9.190440423515016, 45.46348186537174 ], [ 9.190440435918267, 45.463485555770902 ], [ 9.190440448321525, 45.463489246170063 ], [ 9.190440460724783, 45.463492936569224 ], [ 9.190440473128048, 45.463496626968372 ], [ 9.190440485228793, 45.463500227357798 ], [ 9.190375762107591, 45.46350033505621 ], [ 9.190376100803105, 45.463563071628862 ], [ 9.190098917293817, 45.463563712464975 ], [ 9.189871466599982, 45.463556889278721 ], [ 9.189865966408115, 45.463556898404974 ], [ 9.189663998161198, 45.463558403473364 ], [ 9.189578171389055, 45.463559085758042 ], [ 9.189578632217245, 45.463582127615432 ], [ 9.189579312807966, 45.463632622230904 ], [ 9.1894732758869, 45.463633337917734 ], [ 9.189473261439815, 45.463629017450295 ], [ 9.189255943529515, 45.463630547212126 ], [ 9.188788050948279, 45.463633750377646 ], [ 9.188693525759023, 45.463634356337693 ], [ 9.188693535050966, 45.463637146639726 ], [ 9.188620753333891, 45.463637266631842 ], [ 9.188607193502726, 45.46363692894127 ], [ 9.188544895747153, 45.463635591440926 ], [ 9.188534426729264, 45.463679983736469 ], [ 9.188547641471756, 45.463691933324661 ] ], [ [ 9.190541483647046, 45.464587832857653 ], [ 9.190541052616707, 45.464459659018239 ], [ 9.190592090093245, 45.464459574021795 ], [ 9.190592158216544, 45.464479826208652 ], [ 9.190593392685114, 45.464428518324937 ], [ 9.19063202223038, 45.464428363966505 ], [ 9.190631299805728, 45.464365718053642 ], [ 9.190599833748749, 45.464365950490297 ], [ 9.190599621965152, 45.464341018010607 ], [ 9.190631088008267, 45.464340785574024 ], [ 9.190630370431348, 45.464279579815695 ], [ 9.190593148334218, 45.464279821839575 ], [ 9.190592450782036, 45.464224556722044 ], [ 9.190629800755751, 45.464224314485364 ], [ 9.190628873203629, 45.464138716303644 ], [ 9.190591651199187, 45.464138958326863 ], [ 9.190590953347895, 45.464083603198226 ], [ 9.190628175618741, 45.464083451185004 ], [ 9.190627581722135, 45.464020985074654 ], [ 9.190596115856904, 45.464021217509995 ], [ 9.190595904076737, 45.463996285028784 ], [ 9.190627242015672, 45.463996052806607 ], [ 9.190626658114372, 45.463936557016304 ], [ 9.19058969206753, 45.463936798612487 ], [ 9.190589003001309, 45.463884053764005 ], [ 9.190663574889436, 45.463883659504269 ], [ 9.190663648185884, 45.463905441858451 ], [ 9.190751266844909, 45.463904935791668 ], [ 9.190750948295964, 45.463886304204522 ], [ 9.190787275051138, 45.463886153632259 ], [ 9.190787465396751, 45.463904695422841 ], [ 9.1908750840532, 45.463904189261086 ], [ 9.190874893678867, 45.463885647470711 ], [ 9.190911220129884, 45.463885406849286 ], [ 9.190911410819401, 45.463904038649311 ], [ 9.190999669034476, 45.463903531324952 ], [ 9.190999478619306, 45.463884989534861 ], [ 9.191035677157076, 45.463884749087391 ], [ 9.191035867887585, 45.463903380887146 ], [ 9.191120288733851, 45.463902879875945 ], [ 9.191120098279136, 45.463884338086089 ], [ 9.191156424728021, 45.463884097386732 ], [ 9.191156615498299, 45.463902729186202 ], [ 9.191242187552117, 45.463902226161771 ], [ 9.191241997057448, 45.463883684372206 ], [ 9.1912781955931, 45.463883443847884 ], [ 9.191278514315698, 45.463902075433275 ], [ 9.191363063069483, 45.463901574028853 ], [ 9.191365493401419, 45.463901569964456 ], [ 9.191365302866336, 45.463883028175154 ], [ 9.191401501400907, 45.463882787611745 ], [ 9.191401692251908, 45.463901419410718 ], [ 9.191490334193874, 45.463900911065373 ], [ 9.191490143313677, 45.46388227926662 ], [ 9.191514828535624, 45.463881697892859 ], [ 9.191526470063524, 45.463882128459289 ], [ 9.191526660651441, 45.46390067024825 ], [ 9.191599825518695, 45.463900277732321 ], [ 9.191599088638721, 45.463833671393623 ], [ 9.191565959721572, 45.463833816870533 ], [ 9.191565418351692, 45.463787192475614 ], [ 9.191632699122319, 45.463786809789141 ], [ 9.191632897355118, 45.463807601821294 ], [ 9.191724865163714, 45.46380717773426 ], [ 9.191724544162772, 45.463787916081976 ], [ 9.191771998885864, 45.463787656540731 ], [ 9.191772191990975, 45.463806918407229 ], [ 9.191785622445254, 45.463806805887735 ], [ 9.191792757486683, 45.463798512987303 ], [ 9.191799546571042, 45.463801381935369 ], [ 9.19181572527002, 45.463781822595152 ], [ 9.191808807970567, 45.463778863852731 ], [ 9.191819128309437, 45.463766875191595 ], [ 9.191841896017948, 45.463766657002452 ], [ 9.191841907903264, 45.463770167381682 ], [ 9.19190317465775, 45.463769164546846 ], [ 9.191903163378333, 45.463765834187065 ], [ 9.191922989417334, 45.463765710925358 ], [ 9.191933517829437, 45.463777394596612 ], [ 9.191927260206548, 45.46378037543036 ], [ 9.191944848782892, 45.463799428097623 ], [ 9.191951364670292, 45.463797166911576 ], [ 9.191958557319367, 45.463805885838426 ], [ 9.191976208868491, 45.463805766215309 ], [ 9.191976021793218, 45.463788304543705 ], [ 9.192018615861215, 45.463788053054678 ], [ 9.192018802949633, 45.463805514726182 ], [ 9.19211077075092, 45.463805090328485 ], [ 9.192110441683928, 45.46378348842471 ], [ 9.192179257388597, 45.463783102839308 ], [ 9.192179804759633, 45.463831347405545 ], [ 9.192144373734362, 45.463831586926787 ], [ 9.192145109119759, 45.463897563192894 ], [ 9.192223774201603, 45.463897161041288 ], [ 9.192223589187027, 45.463880329438538 ], [ 9.192259788020747, 45.463880178612868 ], [ 9.192259844828484, 45.463896920420723 ], [ 9.192364731601357, 45.463896384101176 ], [ 9.192364545322501, 45.463879192459849 ], [ 9.192408546490368, 45.463878938459949 ], [ 9.192409059519058, 45.46391701192573 ], [ 9.192394605742216, 45.46391712623911 ], [ 9.192395298020838, 45.463970321122282 ], [ 9.192414229049342, 45.463970289290387 ], [ 9.192431153525726, 45.463982052170117 ], [ 9.192417246228166, 45.463992426733746 ], [ 9.192554935850769, 45.464083915540229 ], [ 9.192568976870371, 45.464075250929341 ], [ 9.192584235486953, 45.464086116487358 ], [ 9.192584551275807, 45.464103757960892 ], [ 9.192565108858105, 45.464103880691816 ], [ 9.19256710145071, 45.464238532640273 ], [ 9.19258654391469, 45.464238409908901 ], [ 9.192586859093382, 45.464255871362539 ], [ 9.192572058813482, 45.464266967529255 ], [ 9.192557575887506, 45.464258530940754 ], [ 9.192422816744722, 45.464352098239061 ], [ 9.192437049962276, 45.464362335468977 ], [ 9.192420589809455, 45.464374334509579 ], [ 9.192399740863635, 45.464374639598041 ], [ 9.192400306463302, 45.464428194730779 ], [ 9.192418725685812, 45.464428073748465 ], [ 9.192419237810526, 45.464465877181411 ], [ 9.192371015041411, 45.464466138282717 ], [ 9.192370698094363, 45.464448136770777 ], [ 9.192269008439784, 45.464448757733926 ], [ 9.192269327797991, 45.464467479323872 ], [ 9.192234023982811, 45.464467628648933 ], [ 9.192233831328194, 45.464448546805123 ], [ 9.192153374691443, 45.464448951972116 ], [ 9.192154107655693, 45.46451420815329 ], [ 9.192192097380234, 45.464513964331502 ], [ 9.192192776043546, 45.464563198783374 ], [ 9.192122936080306, 45.464563586096546 ], [ 9.192122601509581, 45.46454036402092 ], [ 9.192027818412628, 45.464540793152601 ], [ 9.192028134946117, 45.464558704655687 ], [ 9.191984389074634, 45.464558958080673 ], [ 9.191984200468644, 45.464541046362832 ], [ 9.191970897754146, 45.464541158691368 ], [ 9.19196134112941, 45.46455206596071 ], [ 9.191954551946644, 45.464549197022812 ], [ 9.191938373077118, 45.464568756380331 ], [ 9.191945290480056, 45.464571715114339 ], [ 9.191934970021672, 45.464583703785358 ], [ 9.191912329593578, 45.464583831769311 ], [ 9.191851050375424, 45.464581414241366 ], [ 9.191851061652093, 45.464584744600664 ], [ 9.19183110741206, 45.464584868064776 ], [ 9.191820707088672, 45.464573274181227 ], [ 9.191826964500049, 45.464570203343882 ], [ 9.19180924780914, 45.464551150875785 ], [ 9.191802731829268, 45.464553412053583 ], [ 9.19179348365441, 45.464542086266917 ], [ 9.191778901802683, 45.464542200717034 ], [ 9.191779092476287, 45.464560742503295 ], [ 9.191737265307228, 45.464560992617898 ], [ 9.191736946429087, 45.464542361036173 ], [ 9.191644210247745, 45.464542876429938 ], [ 9.191644419752834, 45.464566998818611 ], [ 9.191574068125195, 45.464567386653144 ], [ 9.191573655261893, 45.464520942069569 ], [ 9.191609598376406, 45.464520701867883 ], [ 9.191608856604224, 45.464452655381095 ], [ 9.191531981532391, 45.464453054113022 ], [ 9.19153217242892, 45.464471685909828 ], [ 9.191516822809492, 45.464471711601384 ], [ 9.191495845300446, 45.464471836719568 ], [ 9.191495654720097, 45.464453294932412 ], [ 9.191410081531378, 45.464453708138294 ], [ 9.191410272387751, 45.464472339935362 ], [ 9.191374073171909, 45.464472490492412 ], [ 9.191373882631474, 45.464453948705007 ], [ 9.191288565267493, 45.464454361392022 ], [ 9.191287221121843, 45.46447299575533 ], [ 9.191250893991622, 45.464473146487158 ], [ 9.191250703491567, 45.464454604699476 ], [ 9.191162572332953, 45.46445511200546 ], [ 9.191162890717624, 45.464473653579631 ], [ 9.191126563890137, 45.464473894281667 ], [ 9.191126245213754, 45.464455262697633 ], [ 9.191043102374245, 45.464455671569247 ], [ 9.191039967358618, 45.464474308919556 ], [ 9.191003640530059, 45.464474549582476 ], [ 9.19100344980763, 45.464455917784548 ], [ 9.190914551163331, 45.464456426180234 ], [ 9.1909147415532, 45.464474967968663 ], [ 9.190878414723567, 45.464475208591772 ], [ 9.190878351955842, 45.464456576580176 ], [ 9.190792395318827, 45.46445707997318 ], [ 9.190792457755146, 45.464475621975161 ], [ 9.190756258837943, 45.464475862346148 ], [ 9.19075606819699, 45.464457230547659 ], [ 9.19067266982699, 45.464457729585838 ], [ 9.190673001984441, 45.464480411608704 ], [ 9.190593951125248, 45.464480453293952 ], [ 9.190592160335932, 45.464480456276675 ], [ 9.190592521239241, 45.46458774786084 ], [ 9.190592644467598, 45.464624381815725 ], [ 9.190541606842345, 45.464624466812623 ], [ 9.190541483647046, 45.464587832857653 ] ] ] ] } },
{ "type": "Feature", "properties": { "id_amat": 174, "tipo": "AP", "nome": "Area Brera - Area pedonale B", "gruppo_id": "0", "ordinanza": "48281/2000 (Istituzione area pedonale urbana)", "deroghe": "velocipedi", "val_inizio": "2000-07-20 00:00:00+02", "val_fine": "2050-01-01 00:00:00+01", "delibera": null, "tratto": "tutta", "note": null, "cartello": "AP", "dissuasori": null, "name": "Municipio 1", "ANNO": 2000, "area": 1829.827 }, "geometry": { "type": "MultiPolygon", "coordinates": [ [ [ [ 9.184838934430188, 45.470236143672466 ], [ 9.184936287035791, 45.470275320812277 ], [ 9.184983426358158, 45.470294326769661 ], [ 9.184985091462776, 45.470294954148926 ], [ 9.185359761078731, 45.470403170127312 ], [ 9.185298463878336, 45.470514431907823 ], [ 9.185466586417821, 45.470561234848844 ], [ 9.185512721914451, 45.47046889968604 ], [ 9.185488019605501, 45.470465159303437 ], [ 9.185610211439052, 45.470237235547046 ], [ 9.185632102515756, 45.470241970575145 ], [ 9.1856609728269, 45.470190347933162 ], [ 9.185662116200604, 45.470187915804537 ], [ 9.185544452724779, 45.470157863240026 ], [ 9.18553796680049, 45.470169575073442 ], [ 9.185028788002652, 45.470043215172844 ], [ 9.185051522136924, 45.469992772736212 ], [ 9.185011976238458, 45.469987706100717 ], [ 9.184991126648585, 45.469988459888242 ], [ 9.184968280494775, 45.470004608632358 ], [ 9.184884411963626, 45.470137959162258 ], [ 9.18484927639013, 45.470190761860692 ], [ 9.18483375276047, 45.470216349812809 ], [ 9.184838934430188, 45.470236143672466 ] ] ] ] } },
{ "type": "Feature", "properties": { "id_amat": 175, "tipo": "AP", "nome": "Piazza Santa Maria Beltrade", "gruppo_id": "0", "ordinanza": null, "deroghe": "autorizzati, carico/scarico merci", "val_inizio": null, "val_fine": "2050-01-01 00:00:00+01", "delibera": null, "tratto": "Lato civici pari", "note": null, "cartello": "DM", "dissuasori": "Dissuasori mobili", "name": "Municipio 1", "ANNO": null, "area": 919.138 }, "geometry": { "type": "MultiPolygon", "coordinates": [ [ [ [ 9.186791161459176, 45.462687239303975 ], [ 9.18666827222753, 45.462774749775988 ], [ 9.186625011927246, 45.462805513831206 ], [ 9.186513355149758, 45.462885985016172 ], [ 9.18648820221245, 45.462899797577904 ], [ 9.186471967419793, 45.462902794372283 ], [ 9.186460717264737, 45.462904612909135 ], [ 9.186445384058457, 45.462909498445882 ], [ 9.186433124243413, 45.462915459096457 ], [ 9.186422533474625, 45.462923307241866 ], [ 9.186414492909023, 45.46292872095529 ], [ 9.186406322359167, 45.462933504808149 ], [ 9.186398267874781, 45.462934688061466 ], [ 9.186384577649893, 45.462933540227183 ], [ 9.186373959043062, 45.462932927450161 ], [ 9.186361042199815, 45.462933578558449 ], [ 9.186359252051076, 45.462933761494284 ], [ 9.186322877002643, 45.462957943473064 ], [ 9.186381592169221, 45.462998082436918 ], [ 9.186541965178931, 45.46310637347522 ], [ 9.186957971727558, 45.462808210701454 ], [ 9.186791161459176, 45.462687239303975 ] ] ] ] } },
{ "type": "Feature", "properties": { "id_amat": 177, "tipo": "AP", "nome": "Area Duomo - Sottoambito Marconi", "gruppo_id": "0", "ordinanza": "65416/2010 (Istituzione area pedonale urbana)", "deroghe": null, "val_inizio": "2010-11-26 00:00:00+01", "val_fine": "2050-01-01 00:00:00+01", "delibera": "3392/2010", "tratto": "tra via Dogana e piazza Del Duomo", "note": null, "cartello": "AP", "dissuasori": null, "name": "Municipio 1", "ANNO": 2010, "area": 619.194 }, "geometry": { "type": "MultiPolygon", "coordinates": [ [ [ [ 9.189867723568192, 45.463317828292418 ], [ 9.189871466599982, 45.463556889278721 ], [ 9.190098917293817, 45.463563712464975 ], [ 9.190097706756786, 45.463317266439418 ], [ 9.190099628791636, 45.463242014683814 ], [ 9.190081845577504, 45.463240964102539 ], [ 9.190078008255826, 45.463240970476726 ], [ 9.190068287040889, 45.4632409866242 ], [ 9.190056261621502, 45.463240466536476 ], [ 9.190043463002214, 45.463238237537006 ], [ 9.190030403732695, 45.463234568805042 ], [ 9.190016441845771, 45.46322874132462 ], [ 9.190006315169425, 45.4632222774026 ], [ 9.190001053326148, 45.463217065545486 ], [ 9.189975421139721, 45.463240330745627 ], [ 9.189857176064793, 45.463300293795768 ], [ 9.189867723568192, 45.463317828292418 ] ] ] ] } },
{ "type": "Feature", "properties": { "id_amat": 182, "tipo": "AP", "nome": "Mercanti - Cordusio", "gruppo_id": "0", "ordinanza": "42111/1996 (Istituzione area pedonale urbana)", "deroghe": "velocipedi, carico e scarico merci, veicoli diretti alle proprieta' private", "val_inizio": "1996-02-12 00:00:00+01", "val_fine": "2050-01-01 00:00:00+01", "delibera": null, "tratto": "Via e Piaza Mercanti, piazza Cordusio lato civici pari, Via del Gallo", "note": null, "cartello": "AP", "dissuasori": null, "name": "Municipio 1", "ANNO": 1996, "area": 5753.671 }, "geometry": { "type": "MultiPolygon", "coordinates": [ [ [ [ 9.187670046703754, 45.465317790456076 ], [ 9.187543542925331, 45.465164800474597 ], [ 9.18770578308237, 45.465100537201522 ], [ 9.188340314717529, 45.464852236537872 ], [ 9.188381817463203, 45.464831285851226 ], [ 9.188416763109958, 45.464877223537812 ], [ 9.188420911884949, 45.464624648032121 ], [ 9.188205146700474, 45.464709702722068 ], [ 9.187928213443621, 45.464363258461468 ], [ 9.187781498816101, 45.464441268146956 ], [ 9.187750986852011, 45.46445923024725 ], [ 9.187740985740778, 45.464452045837987 ], [ 9.187523921270371, 45.464569775085927 ], [ 9.187528047576624, 45.464579759458552 ], [ 9.18725246595867, 45.464718286419718 ], [ 9.187416016793573, 45.464895878865555 ], [ 9.187362622947605, 45.46491846885511 ], [ 9.187442401194852, 45.465022119982891 ], [ 9.186786432969475, 45.465288362675309 ], [ 9.186719987789006, 45.465193510340306 ], [ 9.186707341983588, 45.465198931586443 ], [ 9.186638444883581, 45.465136306859272 ], [ 9.186645974080768, 45.465130893966268 ], [ 9.186524322866134, 45.465052153363381 ], [ 9.186427216587617, 45.465124319774603 ], [ 9.186427730913, 45.465125129028607 ], [ 9.186394557397891, 45.465150835978648 ], [ 9.186385888189392, 45.465159671099961 ], [ 9.186380677127259, 45.465169850741468 ], [ 9.186379561124021, 45.465180563774361 ], [ 9.186382538109424, 45.465191180130681 ], [ 9.186389349294489, 45.465200800129452 ], [ 9.186399481243374, 45.465208884545113 ], [ 9.186428960969927, 45.465226838564341 ], [ 9.186460887100536, 45.465249649141093 ], [ 9.186488594420551, 45.465273186665847 ], [ 9.186515799583386, 45.46529960532898 ], [ 9.186533257712869, 45.465318298996181 ], [ 9.186548927407824, 45.465337715657832 ], [ 9.186566410455381, 45.465363970136764 ], [ 9.186583653693619, 45.465395085555187 ], [ 9.186594361986783, 45.465422791239 ], [ 9.186600841067317, 45.465448073542483 ], [ 9.186603336385136, 45.465467781708945 ], [ 9.186603271905973, 45.465487043998458 ], [ 9.186598472464571, 45.465505683937565 ], [ 9.186590476011457, 45.465524599119966 ], [ 9.186576984205576, 45.465545053435285 ], [ 9.186614120447445, 45.465557324278905 ], [ 9.18665508766246, 45.465567608637159 ], [ 9.18669975437331, 45.465574826597958 ], [ 9.186719717875244, 45.465577404321351 ], [ 9.18676373612108, 45.46558192300904 ], [ 9.18683179635873, 45.465584512215216 ], [ 9.186854587064525, 45.465552251349401 ], [ 9.186858175835926, 45.465554405734288 ], [ 9.186858601119415, 45.465528212069792 ], [ 9.186855954047237, 45.465501303340339 ], [ 9.186850618948545, 45.465435064539101 ], [ 9.187413490594942, 45.465214969211836 ], [ 9.187492356374259, 45.465313311191345 ], [ 9.187525638994535, 45.465359341881673 ], [ 9.187566317623535, 45.465359725263362 ], [ 9.187669278018616, 45.465317431675864 ], [ 9.187669534743875, 45.465317701285464 ], [ 9.187670046703754, 45.465317790456076 ] ], [ [ 9.187467236349269, 45.464873382423171 ], [ 9.187440516700894, 45.464839132300455 ], [ 9.187975492211514, 45.464618269779066 ], [ 9.187985695755978, 45.464609342005467 ], [ 9.188101543161951, 45.464750467680652 ], [ 9.187543921533994, 45.464970017751199 ], [ 9.187467236349269, 45.464873382423171 ] ], [ [ 9.186712595290823, 45.465550952942436 ], [ 9.186709014236827, 45.465551138805765 ], [ 9.186702619328001, 45.465551419270142 ], [ 9.186696224419114, 45.465551699734156 ], [ 9.186693538480247, 45.465551794126419 ], [ 9.186691276419477, 45.465525244805974 ], [ 9.186693834441169, 45.465525150622462 ], [ 9.186695241219637, 45.46552505831712 ], [ 9.186712595290823, 45.465550952942436 ] ], [ [ 9.186692927463312, 45.465521641704093 ], [ 9.186687172137269, 45.46552192112415 ], [ 9.186686242917476, 45.465511661476526 ], [ 9.186692927463312, 45.465521641704093 ] ] ] ] } },
{ "type": "Feature", "properties": { "id_amat": 183, "tipo": "AP", "nome": "AP Santa Margherita", "gruppo_id": "0", "ordinanza": "42111/1996 (Istituzione area pedonale urbana)", "deroghe": "velocipedi, carico e scarico merci (da via santa margherita), veicoli diretti alle proprietà private", "val_inizio": "1996-02-12 00:00:00+01", "val_fine": "2050-01-01 00:00:00+01", "delibera": null, "tratto": "Passaggio Santa Margerita", "note": null, "cartello": "AP", "dissuasori": null, "name": "Municipio 1", "ANNO": 1996, "area": 324.875 }, "geometry": { "type": "MultiPolygon", "coordinates": [ [ [ [ 9.187543542925331, 45.465164800474597 ], [ 9.187670046703754, 45.465317790456076 ], [ 9.187714585429999, 45.465325008230231 ], [ 9.187873614239409, 45.465256609518747 ], [ 9.187864496142332, 45.465245733252921 ], [ 9.187799546736896, 45.465216766564708 ], [ 9.18770578308237, 45.465100537201522 ], [ 9.187543542925331, 45.465164800474597 ] ] ] ] } },
{ "type": "Feature", "properties": { "id_amat": 193, "tipo": "AP", "nome": "Lavater", "gruppo_id": "0", "ordinanza": null, "deroghe": "velocipedi", "val_inizio": null, "val_fine": "2050-01-01 00:00:00+01", "delibera": null, "tratto": null, "note": null, "cartello": "AP", "dissuasori": "paracarri", "name": "Municipio 3", "ANNO": 2018, "area": 836.448 }, "geometry": { "type": "MultiPolygon", "coordinates": [ [ [ [ 9.211224929735891, 45.476506574511866 ], [ 9.211330372708574, 45.47661457185405 ], [ 9.2116157892881, 45.47647191844996 ], [ 9.21170812510625, 45.476564457960976 ], [ 9.211830207782308, 45.476503115175255 ], [ 9.211526113825487, 45.476200974048112 ], [ 9.211521223532175, 45.476193332236043 ], [ 9.211342932915922, 45.47627764108848 ], [ 9.211403224936529, 45.476286170662064 ], [ 9.211486846580733, 45.476340832230733 ], [ 9.211488904717168, 45.476343798757469 ], [ 9.211490835585952, 45.47634694553949 ], [ 9.21149251023836, 45.476350002785104 ], [ 9.211494057623078, 45.476353240286016 ], [ 9.211495221187297, 45.476356478496442 ], [ 9.211496256811422, 45.476359716943335 ], [ 9.211497036891366, 45.476363045872681 ], [ 9.211497433150658, 45.476366375511518 ], [ 9.211497829410005, 45.476369705150375 ], [ 9.21149784184861, 45.476373035498767 ], [ 9.211497598406677, 45.476376366320146 ], [ 9.211497227360615, 45.476379787387472 ], [ 9.211496599761588, 45.476383028908963 ], [ 9.21149558867779, 45.476386361149402 ], [ 9.211494449317401, 45.476389603616937 ], [ 9.21149318201658, 45.476392846320955 ], [ 9.211491402618185, 45.476395999961561 ], [ 9.211489622883423, 45.476399063592709 ], [ 9.211487714871982, 45.476402037450924 ], [ 9.211485423039342, 45.476405012018581 ], [ 9.211483002929956, 45.476407896813292 ], [ 9.211480198663136, 45.476410692307994 ], [ 9.211477393723746, 45.476413307783787 ], [ 9.211474332903379, 45.476415923732496 ], [ 9.21147114347009, 45.47641835989878 ], [ 9.211467697819653, 45.476420706528501 ], [ 9.211464123892434, 45.47642296338519 ], [ 9.211460421352305, 45.476425040459389 ], [ 9.211456590199299, 45.476426937751107 ], [ 9.211342044013902, 45.47648511586565 ], [ 9.211278675855977, 45.47650944560359 ], [ 9.211224929735891, 45.476506574511866 ] ] ] ] } },
{ "type": "Feature", "properties": { "id_amat": 215, "tipo": "AP", "nome": "AGNELLO - RAGAZZI DEL 99 - SAN RAFFAELE", "gruppo_id": "0", "ordinanza": "408/2020 (Delimitazione di Area Pedonale in via San Raffaele, via Berchet, via Marino, via Ugo Foscolo, via Santa Radegonda, via Ragazzi del 99 e via Agnello, nei tratti evidenziati nello stralcio pla", "deroghe": "autorizzati, veicoli diretti alle proprieta' private, taxi, ncc fino a nove posti, velocipedi, carico-scarico merci dalle 2:00 alle 9:00", "val_inizio": "2015-05-25 00:00:00+02", "val_fine": "2050-01-01 00:00:00+01", "delibera": null, "tratto": "Dall'intersezione Hoepli-Agnello all'area pedonale SAN RAFFAELE", "note": null, "cartello": "AP", "dissuasori": null, "name": "Municipio 1", "ANNO": 2020, "area": 912.166 }, "geometry": { "type": "MultiPolygon", "coordinates": [ [ [ [ 9.19163964453468, 45.466067206990445 ], [ 9.191605662183587, 45.466042331072828 ], [ 9.191577706874353, 45.46602185555431 ], [ 9.191521922407929, 45.465980364224187 ], [ 9.191501147845123, 45.465965007249231 ], [ 9.191463318986703, 45.465937437420102 ], [ 9.191353423722095, 45.465857512167432 ], [ 9.191387001337343, 45.465838373849209 ], [ 9.191401172712011, 45.465830249227764 ], [ 9.191411644233485, 45.465825011120081 ], [ 9.191411771845953, 45.465824920896416 ], [ 9.191359943073861, 45.46578045253203 ], [ 9.191329040787796, 45.465796346001959 ], [ 9.191321982584775, 45.465789607038175 ], [ 9.191301577003973, 45.46576983890953 ], [ 9.191313249538707, 45.465703571884873 ], [ 9.19118838107357, 45.465697209840329 ], [ 9.191188381377302, 45.465697299850021 ], [ 9.191173679345786, 45.465813527585908 ], [ 9.191148337528238, 45.465847233736916 ], [ 9.191109145156391, 45.465870431821465 ], [ 9.191195996541651, 45.465944905192671 ], [ 9.191243614118676, 45.465916562416439 ], [ 9.1912618697539, 45.465905730680255 ], [ 9.191513540350552, 45.466111793143369 ], [ 9.191473583788484, 45.466135982743062 ], [ 9.191474353117194, 45.466136521516908 ], [ 9.19155503248896, 45.466201283838046 ], [ 9.191978919004315, 45.465926942451802 ], [ 9.19194145996723, 45.465895321701282 ], [ 9.191652442029968, 45.466068895750681 ], [ 9.191645388930233, 45.466063686972028 ], [ 9.19163964453468, 45.466067206990445 ] ] ] ] } },
{ "type": "Feature", "properties": { "id_amat": 229, "tipo": "AP", "nome": "VIA MARCONI", "gruppo_id": "0", "ordinanza": "362/2018 (Istituzione area pedonale urbana)", "deroghe": "velocipedi", "val_inizio": null, "val_fine": "2050-01-01 00:00:00+01", "delibera": null, "tratto": null, "note": null, "cartello": "AP", "dissuasori": "taxi, velocipedi, ciclomotori", "name": "Municipio 1", "ANNO": 2018, "area": 552.056 }, "geometry": { "type": "MultiPolygon", "coordinates": [ [ [ [ 9.189850939784286, 45.462775184366556 ], [ 9.189852479935581, 45.463234864140993 ], [ 9.189857176064793, 45.463300293795768 ], [ 9.189975421139721, 45.463240330745627 ], [ 9.189985244938205, 45.462774961460639 ], [ 9.189850939784286, 45.462775184366556 ] ] ] ] } },
{ "type": "Feature", "properties": { "id_amat": 234, "tipo": "AP", "nome": "Area Brera - Area pedonale A", "gruppo_id": "0", "ordinanza": "42499/1996 (Istituzione area pedonale urbana)", "deroghe": "veicoli diretti alle proprieta' private,velocipedi", "val_inizio": "1996-05-13 00:00:00+02", "val_fine": "2050-01-01 00:00:00+01", "delibera": null, "tratto": "Via Breara tra via Fiori Oscuri e via Pontaccio", "note": null, "cartello": "AP", "dissuasori": null, "name": "Municipio 1", "ANNO": 1996, "area": 554.541 }, "geometry": { "type": "MultiPolygon", "coordinates": [ [ [ [ 9.187336506371157, 45.472842555487816 ], [ 9.187458086591212, 45.472855767889392 ], [ 9.187506519643886, 45.47264632506343 ], [ 9.187509037167272, 45.472633899545244 ], [ 9.187509421261186, 45.472633988925978 ], [ 9.187577403149129, 45.472339904534969 ], [ 9.187454808305169, 45.4723290341839 ], [ 9.187422618368114, 45.472498485914457 ], [ 9.18739289149012, 45.472600426026737 ], [ 9.187386302452042, 45.472619608966788 ], [ 9.187374032987126, 45.47266193380193 ], [ 9.187336506371157, 45.472842555487816 ] ] ] ] } },
{ "type": "Feature", "properties": { "id_amat": 992, "tipo": "AP", "nome": "Beria d'Argentine", "gruppo_id": "0", "ordinanza": "1049/2015 (Area Pedonale)", "deroghe": "veicoli diretti alle proprieta' private,veicoli addetti per servizi religiosi", "val_inizio": null, "val_fine": "2050-01-01 00:00:00+01", "delibera": null, "tratto": "tutta", "note": null, "cartello": "AP", "dissuasori": null, "name": "Municipio 1", "ANNO": 2015, "area": 539.06 }, "geometry": { "type": "MultiPolygon", "coordinates": [ [ [ [ 9.173478773787473, 45.457879051693624 ], [ 9.1735267625345, 45.457887709944679 ], [ 9.173603670474098, 45.457900914838994 ], [ 9.173663303011839, 45.457911175555701 ], [ 9.173788326359134, 45.457932588255233 ], [ 9.173781358559989, 45.457912616543204 ], [ 9.173689036642045, 45.457794393110504 ], [ 9.173699560646135, 45.457764493709597 ], [ 9.173699048500662, 45.457764314466218 ], [ 9.173698664253649, 45.457764135028746 ], [ 9.173698407905102, 45.457763955397155 ], [ 9.173698279179177, 45.457763685561524 ], [ 9.173698256010203, 45.457756124729116 ], [ 9.173698383081177, 45.457755854505258 ], [ 9.173698765121552, 45.457755313863466 ], [ 9.17369953140887, 45.457754952659151 ], [ 9.173700426697916, 45.457754951300366 ], [ 9.173700426697916, 45.457754951300366 ], [ 9.173700174762583, 45.457756211827316 ], [ 9.173704743799917, 45.457744683570624 ], [ 9.173679660266908, 45.457739681060303 ], [ 9.173645874408839, 45.457732981552127 ], [ 9.173714149978448, 45.457558707951733 ], [ 9.173714149978448, 45.457558707951733 ], [ 9.17377289378752, 45.457571220219087 ], [ 9.173777842625936, 45.4575584312378 ], [ 9.173786928902427, 45.457560217647462 ], [ 9.173797598647988, 45.457536168686552 ], [ 9.173797214678196, 45.457536079259299 ], [ 9.173796958330366, 45.457535899627906 ], [ 9.173796445082756, 45.457535360345318 ], [ 9.173796316080919, 45.457535000499881 ], [ 9.173796314977022, 45.457534640460239 ], [ 9.173803164612478, 45.457516087929996 ], [ 9.173803164612478, 45.457516087929996 ], [ 9.173803164612478, 45.457516087929996 ], [ 9.173784737381281, 45.457512875540552 ], [ 9.173771811968491, 45.457510374877288 ], [ 9.173758374413509, 45.457507694969443 ], [ 9.173689395811975, 45.457494208113879 ], [ 9.173645500380399, 45.457485633730435 ], [ 9.173612894191875, 45.457571733074808 ], [ 9.173569489318551, 45.457681611513209 ], [ 9.173542972425174, 45.457751499740489 ], [ 9.173542972425174, 45.457751499740489 ], [ 9.173543868816477, 45.457751858422569 ], [ 9.173544382063653, 45.45775239770628 ], [ 9.173544383165956, 45.457752757745936 ], [ 9.173544384268258, 45.457753117785558 ], [ 9.17351023334599, 45.457836069077487 ], [ 9.173496394331767, 45.457869393878397 ], [ 9.173487718157546, 45.457876247815435 ], [ 9.173487335287874, 45.457876518426794 ], [ 9.173478773787473, 45.457879051693624 ] ] ] ] } },
{ "type": "Feature", "properties": { "id_amat": 1026, "tipo": "AP", "nome": "Cardinale Federico", "gruppo_id": "0", "ordinanza": "70293/2013 (Area Pedonale)", "deroghe": "residenti, dimiciliati, possessori di box, ulteriori veicoli autorizzati", "val_inizio": null, "val_fine": "2050-01-01 00:00:00+01", "delibera": null, "tratto": null, "note": null, "cartello": "AP", "dissuasori": null, "name": "Municipio 1", "ANNO": 2013, "area": 205.57 }, "geometry": { "type": "MultiPolygon", "coordinates": [ [ [ [ 9.185945389317999, 45.463223817675456 ], [ 9.186020046691215, 45.463288683733985 ], [ 9.186268826641937, 45.463480810957776 ], [ 9.186320137179901, 45.463447333626831 ], [ 9.186163054712292, 45.46332850573225 ], [ 9.185992609038284, 45.463191067219228 ], [ 9.185945389317999, 45.463223817675456 ] ] ] ] } },
{ "type": "Feature", "properties": { "id_amat": 1028, "tipo": "AP", "nome": "Pontebba", "gruppo_id": "0", "ordinanza": "43610/1997 (Istituzione area pedonale urbana)", "deroghe": "velocipedi; vecoli diretti all'interno delle proprieta' private", "val_inizio": null, "val_fine": "2050-01-01 00:00:00+01", "delibera": null, "tratto": null, "note": null, "cartello": "AP", "dissuasori": null, "name": "Municipio 1", "ANNO": 1997, "area": 362.178 }, "geometry": { "type": "MultiPolygon", "coordinates": [ [ [ [ 9.167735261424687, 45.469180477548363 ], [ 9.167735772322617, 45.469180206769224 ], [ 9.167736795184222, 45.469180025249905 ], [ 9.16773730714791, 45.469180114509783 ], [ 9.167737947568799, 45.469180383601689 ], [ 9.16775658241542, 45.469166134687192 ], [ 9.167658020091702, 45.469102551920251 ], [ 9.167641171918826, 45.469115358039566 ], [ 9.167641556756484, 45.469115717516502 ], [ 9.167641813137397, 45.469115897161288 ], [ 9.167641813936271, 45.46911616719057 ], [ 9.167641815534017, 45.469116707249121 ], [ 9.167641305701373, 45.469117338066901 ], [ 9.167557835725713, 45.469182537629244 ], [ 9.167557835725713, 45.469182537629244 ], [ 9.167557452751232, 45.469182808220339 ], [ 9.167556429888993, 45.469182989738023 ], [ 9.167555917925558, 45.469182900477342 ], [ 9.167555533620297, 45.469182721019656 ], [ 9.16755514984734, 45.469182721581468 ], [ 9.167421639395673, 45.469283908335839 ], [ 9.167421895776657, 45.469284087981123 ], [ 9.167422152689522, 45.469284447645883 ], [ 9.16742215428518, 45.469284987704441 ], [ 9.167422155348953, 45.469285347743444 ], [ 9.167421900297674, 45.469285618146998 ], [ 9.167351582405905, 45.469342787414817 ], [ 9.167445012917431, 45.469401337383125 ], [ 9.167445012917431, 45.469401337383125 ], [ 9.167735261424687, 45.469180477548363 ] ] ] ] } },
{ "type": "Feature", "properties": { "id_amat": 1037, "tipo": "AP", "nome": "MELCHIORRE GIOIA", "gruppo_id": "0", "ordinanza": "39748/1994 (Istituzione area pedonale urbana)", "deroghe": "veicoli diretti all'interno delle proprieta' private", "val_inizio": null, "val_fine": "2050-01-01 00:00:00+01", "delibera": null, "tratto": null, "note": null, "cartello": "AP", "dissuasori": null, "name": "Municipio 2", "ANNO": 1994, "area": 758.216 }, "geometry": { "type": "MultiPolygon", "coordinates": [ [ [ [ 9.208255663326687, 45.49713264935874 ], [ 9.208255663326687, 45.49713264935874 ], [ 9.208233024149759, 45.497136650991337 ], [ 9.208260039712389, 45.497243713372363 ], [ 9.208297087087955, 45.497259667659442 ], [ 9.208367504969964, 45.497579073888325 ], [ 9.208369197321957, 45.497586811640588 ], [ 9.208341657229774, 45.497615484877947 ], [ 9.208357018038358, 45.497685574462523 ], [ 9.20837809689904, 45.497779146161612 ], [ 9.20842312009758, 45.497771233309848 ], [ 9.208437070869891, 45.497771207895461 ], [ 9.208430277920341, 45.497594891267987 ], [ 9.208535100368092, 45.497594700262674 ], [ 9.208622867845254, 45.497585719309853 ], [ 9.208666495665929, 45.497511831794384 ], [ 9.20857793932632, 45.497445656116732 ], [ 9.208568617103266, 45.497451343722219 ], [ 9.208505444690216, 45.497396552944188 ], [ 9.208516810073158, 45.497389601484329 ], [ 9.208429072088716, 45.497337015663973 ], [ 9.208356066825278, 45.497253439608279 ], [ 9.208329737583401, 45.497228554863803 ], [ 9.208289665004555, 45.497190463706552 ], [ 9.208287607266552, 45.497187767161378 ], [ 9.208274619911911, 45.497171319027181 ], [ 9.208267779601293, 45.497155849808969 ], [ 9.208263522560731, 45.497146766577409 ], [ 9.208262882624116, 45.497146767742265 ], [ 9.208262370343553, 45.497146678665032 ], [ 9.208261986050315, 45.497146589354834 ], [ 9.208261344126104, 45.497146050465041 ], [ 9.208261343132307, 45.497145780437727 ], [ 9.208261341475973, 45.497145330392193 ], [ 9.208261340150917, 45.49714497035577 ], [ 9.208261595131757, 45.497144699862517 ], [ 9.208261977768643, 45.497144339127189 ], [ 9.208262617042701, 45.497144157944142 ], [ 9.2082579723981, 45.497134085311082 ], [ 9.208257076487037, 45.497134086941848 ], [ 9.208256692193896, 45.497133997631636 ], [ 9.208256307569496, 45.497133818312292 ], [ 9.208255922613839, 45.497133548983854 ], [ 9.208255793632773, 45.497133279189512 ], [ 9.208255664651714, 45.497133009395156 ], [ 9.208255663326687, 45.49713264935874 ] ] ] ] } },
{ "type": "Feature", "properties": { "id_amat": 1042, "tipo": "AP", "nome": "ROMAGNA", "gruppo_id": "0", "ordinanza": "140/2016 (Area Pedonale)", "deroghe": "velocipedi, mezzi di soccorso e di emergenza", "val_inizio": null, "val_fine": "2050-01-01 00:00:00+01", "delibera": null, "tratto": null, "note": null, "cartello": "AP", "dissuasori": null, "name": "Municipio 3", "ANNO": 2016, "area": 989.433 }, "geometry": { "type": "MultiPolygon", "coordinates": [ [ [ [ 9.22396881599192, 45.470075237675566 ], [ 9.223898936954237, 45.470099767209753 ], [ 9.223893188114268, 45.470101758684144 ], [ 9.22387725743007, 45.470796578068281 ], [ 9.223906170477381, 45.470796881522723 ], [ 9.224040245303648, 45.470798329220052 ], [ 9.224044741601846, 45.470447370921349 ], [ 9.22404607964029, 45.470332875412069 ], [ 9.224048530830775, 45.470111715708946 ], [ 9.224049554686818, 45.470079490074589 ], [ 9.22396881599192, 45.470075237675566 ] ] ] ] } },
{ "type": "Feature", "properties": { "id_amat": 1043, "tipo": "AP", "nome": "BELLINTANI", "gruppo_id": "0", "ordinanza": "320/2016 (Area Pedonale)", "deroghe": "transito e sosta (velocipedi mezzi soccorso emergenza polizia traslochi) transito (residenti domiciliati possessori box taxi pulizia strade)", "val_inizio": null, "val_fine": "2050-01-01 00:00:00+01", "delibera": null, "tratto": null, "note": null, "cartello": "AP", "dissuasori": null, "name": "Municipio 3", "ANNO": 2016, "area": 1417.194 }, "geometry": { "type": "MultiPolygon", "coordinates": [ [ [ [ 9.204543176621113, 45.477566161695727 ], [ 9.204554609394224, 45.477578832669096 ], [ 9.204988230208654, 45.477372023677901 ], [ 9.204950719495159, 45.477330236216595 ], [ 9.204913208185763, 45.47728826872369 ], [ 9.204869915106265, 45.477239560819307 ], [ 9.204840496507947, 45.477206489803265 ], [ 9.204803113955849, 45.477164702062844 ], [ 9.20475750997368, 45.47711374800064 ], [ 9.20468968168235, 45.477037810894046 ], [ 9.20466167650935, 45.477006357482672 ], [ 9.204645621012135, 45.47698901426574 ], [ 9.204628537437907, 45.476970412744784 ], [ 9.204486629559272, 45.477035833713018 ], [ 9.204308445585333, 45.477117881131356 ], [ 9.204253266515687, 45.477143452486118 ], [ 9.204189528580535, 45.477172729499756 ], [ 9.204205841822247, 45.477190612380355 ], [ 9.204222667816952, 45.47720876437343 ], [ 9.204376177599459, 45.477379959360867 ], [ 9.204381058584916, 45.477385261233309 ], [ 9.204396089923094, 45.477402426295761 ], [ 9.20441021982329, 45.47741797278632 ], [ 9.204476633351012, 45.477491842351739 ], [ 9.204543176621113, 45.477566161695727 ] ], [ [ 9.204434237596605, 45.477124587212032 ], [ 9.204444838911531, 45.477119617718145 ], [ 9.204463359628894, 45.47711103367044 ], [ 9.204463102444965, 45.477110674089921 ], [ 9.204463101145016, 45.477110314052119 ], [ 9.204463100170052, 45.477110044023803 ], [ 9.204463099195094, 45.47710977399548 ], [ 9.204463354104101, 45.47710950350988 ], [ 9.204463736955091, 45.477109232795641 ], [ 9.204498736176166, 45.477093418491549 ], [ 9.204501036530862, 45.477092694299841 ], [ 9.204501547973603, 45.477092603375688 ], [ 9.204502059741392, 45.477092602460985 ], [ 9.204567090342145, 45.477102477322354 ], [ 9.204614583481156, 45.47710977322032 ], [ 9.204622520437592, 45.477111019166415 ], [ 9.204625593972507, 45.477111823759842 ], [ 9.204626106390961, 45.477112002863457 ], [ 9.204626491192672, 45.477112272205339 ], [ 9.204773454088011, 45.477277177668839 ], [ 9.204773711274671, 45.477277537248625 ], [ 9.204773712902089, 45.477277987295814 ], [ 9.204773458319295, 45.477278347791554 ], [ 9.204764681720276, 45.477292585082488 ], [ 9.204764299194958, 45.477292945807143 ], [ 9.204635030956814, 45.477351143533085 ], [ 9.204585979719797, 45.477373013676747 ], [ 9.204542805027621, 45.47739244302327 ], [ 9.204542293582239, 45.477392533947622 ], [ 9.204541910079483, 45.47739262464323 ], [ 9.204530264049575, 45.477391745362091 ], [ 9.204518490077414, 45.477390866308482 ], [ 9.204518233867091, 45.477390776756437 ], [ 9.204517849714151, 45.477390687433065 ], [ 9.204517464911053, 45.477390418090856 ], [ 9.204511813656179, 45.477384397520908 ], [ 9.204504491997557, 45.477376399715894 ], [ 9.204492803716679, 45.477363819203745 ], [ 9.204422929700611, 45.477288245638427 ], [ 9.204369110693248, 45.477229835267593 ], [ 9.204368981451635, 45.477229475458373 ], [ 9.204368852534865, 45.477229205658553 ], [ 9.204368851235508, 45.477228845620779 ], [ 9.204377825010587, 45.477198316193693 ], [ 9.204387810617717, 45.477164544597372 ], [ 9.204391096178556, 45.477153197465093 ], [ 9.204394128777865, 45.477142660874847 ], [ 9.204396291447415, 45.477139236630478 ], [ 9.204396801916097, 45.477138875678428 ], [ 9.204431676481644, 45.477123961717922 ], [ 9.204432059982764, 45.477123871022684 ], [ 9.204432955576889, 45.477123869422485 ], [ 9.204433980737743, 45.477124317640893 ], [ 9.204434237596605, 45.477124587212032 ] ], [ [ 9.204676070965295, 45.477449091036917 ], [ 9.204653078130422, 45.477423929360498 ], [ 9.204759993019428, 45.477375852743293 ], [ 9.204782985882183, 45.47740101439836 ], [ 9.204676070965295, 45.477449091036917 ] ], [ [ 9.204519482874796, 45.477417777529908 ], [ 9.204626782019202, 45.477369790360498 ], [ 9.204649518284455, 45.477394772481318 ], [ 9.204542475647791, 45.477442939233342 ], [ 9.204519482874796, 45.477417777529908 ] ], [ [ 9.204696014969432, 45.477338703072725 ], [ 9.2048029299864, 45.477290716424406 ], [ 9.204825667274141, 45.47731596853874 ], [ 9.204719007463193, 45.477363774731487 ], [ 9.204719007463193, 45.477363774731487 ], [ 9.204696014969432, 45.477338703072725 ] ] ] ] } },
{ "type": "Feature", "properties": { "id_amat": 1044, "tipo": "AP", "nome": "PICCOLI MARTIRI", "gruppo_id": "0", "ordinanza": "445/2016 (Area Pedonale)", "deroghe": "residenti e domiciliati, possessori di box o posto auto, veicoli di emergenza e di pubblica utilità", "val_inizio": null, "val_fine": "2050-01-01 00:00:00+01", "delibera": null, "tratto": "si applica dalle ore 0.00 alle ore 24.00 di tutti i sabati e le domeniche ed i giorni festivi", "note": null, "cartello": "AP", "dissuasori": null, "name": "Municipio 2", "ANNO": 2016, "area": 142.581 }, "geometry": { "type": "MultiPolygon", "coordinates": [ [ [ [ 9.223945444182254, 45.504109274970197 ], [ 9.22394603822911, 45.504097662568931 ], [ 9.223949997560387, 45.504030777684974 ], [ 9.223950478925696, 45.504023035916966 ], [ 9.223898118666696, 45.504021338212389 ], [ 9.223894918597489, 45.504021344475277 ], [ 9.223894437580833, 45.504029176251983 ], [ 9.223891247982756, 45.504096509675605 ], [ 9.223890905299287, 45.504106951459875 ], [ 9.223888737086421, 45.504108935914367 ], [ 9.223889114929973, 45.504139718458049 ], [ 9.223890317080611, 45.504184720904952 ], [ 9.223891881047889, 45.504256455493966 ], [ 9.223892183011642, 45.504268066141073 ], [ 9.223892490319397, 45.504281026921689 ], [ 9.223888956100716, 45.504293635181966 ], [ 9.223931703886533, 45.504292201370781 ], [ 9.223981746437076, 45.50429039322335 ], [ 9.223961839985437, 45.504273780420064 ], [ 9.223956532692798, 45.504258849216747 ], [ 9.223946094887326, 45.504111973984436 ], [ 9.223945444182254, 45.504109274970197 ] ] ] ] } },
{ "type": "Feature", "properties": { "id_amat": 1048, "tipo": "AP", "nome": "Area Brera - Area pedonale D", "gruppo_id": "0", "ordinanza": "66207/2011 (Istituzione area pedonale urbana)", "deroghe": "carico e scarico merci (lun-sab dalle 10:00 alle 14:00), veicoli diretti alle proprieta' private,velocipedi, altri autorizzati", "val_inizio": "2002-10-11 00:00:00+02", "val_fine": "2050-01-01 00:00:00+01", "delibera": "71/2000", "tratto": "tutta", "note": null, "cartello": "AP", "dissuasori": null, "name": "Municipio 1", "ANNO": 2011, "area": 5046.32 }, "geometry": { "type": "MultiPolygon", "coordinates": [ [ [ [ 9.185129228245627, 45.471927684625015 ], [ 9.185381528120541, 45.471972821298017 ], [ 9.185536026029387, 45.471998763851623 ], [ 9.185553729978754, 45.472013856843894 ], [ 9.18555552307097, 45.47201448400714 ], [ 9.185553913068327, 45.472069752821312 ], [ 9.18555102466264, 45.472164358122335 ], [ 9.185463519899537, 45.472164499973914 ], [ 9.185422547232996, 45.472153945178533 ], [ 9.185306435570229, 45.472130190571725 ], [ 9.185287508710006, 45.472171445845319 ], [ 9.185545728236457, 45.472226833720299 ], [ 9.185452247230268, 45.472433558430126 ], [ 9.18552048485876, 45.472448749541002 ], [ 9.185642520356865, 45.472171860588098 ], [ 9.185663614010881, 45.472089197093069 ], [ 9.18567889861929, 45.472029675615403 ], [ 9.185678641577908, 45.472029315992067 ], [ 9.185680177925637, 45.472029673539637 ], [ 9.185849006134882, 45.472056132477249 ], [ 9.186316836748606, 45.472129540056834 ], [ 9.186826452453433, 45.472226640174519 ], [ 9.186916595226728, 45.472250525666787 ], [ 9.187051878759872, 45.472268576663474 ], [ 9.187047810225513, 45.472276234172298 ], [ 9.187076613765845, 45.472281947733947 ], [ 9.187092842001476, 45.472276160556319 ], [ 9.18709422070515, 45.472267517332611 ], [ 9.187116112691747, 45.472272252073161 ], [ 9.187113330018663, 45.472281887703922 ], [ 9.187417055171105, 45.472325045567459 ], [ 9.187417051299716, 45.47232387544252 ], [ 9.187417045045938, 45.472321985240661 ], [ 9.187417672842894, 45.472241065132664 ], [ 9.187275593142685, 45.47221825515625 ], [ 9.18681661688416, 45.47215365803973 ], [ 9.186818011359845, 45.47214978532881 ], [ 9.186725051343153, 45.47212500425433 ], [ 9.186498337355903, 45.472080278904791 ], [ 9.186487411169129, 45.472103339297519 ], [ 9.186186837068107, 45.472045232156567 ], [ 9.186185173081949, 45.472044964833572 ], [ 9.186185554507256, 45.472044244132178 ], [ 9.186296642452904, 45.471824078639536 ], [ 9.186262584617316, 45.47181549310978 ], [ 9.186319426312735, 45.471672194492953 ], [ 9.185968417003361, 45.471642972114793 ], [ 9.185832750929665, 45.471624740434017 ], [ 9.185636547659602, 45.471598505901895 ], [ 9.185506664274502, 45.471588095332464 ], [ 9.185506536050115, 45.471588005530208 ], [ 9.1855080715005, 45.471588093051253 ], [ 9.18539850094, 45.471451815291935 ], [ 9.185191462325465, 45.471202372463367 ], [ 9.185174911500848, 45.471148573196437 ], [ 9.185147553598087, 45.471154378110256 ], [ 9.185055494788426, 45.470973966718766 ], [ 9.184997617404161, 45.470800880824491 ], [ 9.184989233389599, 45.470740677605193 ], [ 9.184987650423158, 45.47068685410968 ], [ 9.185009298232156, 45.470617061266182 ], [ 9.185009090116713, 45.47055333443307 ], [ 9.18494986263396, 45.470358378222976 ], [ 9.184983426358158, 45.470294326769661 ], [ 9.184936287035791, 45.470275320812277 ], [ 9.184840090174562, 45.47023749195764 ], [ 9.184841525560088, 45.470246130611812 ], [ 9.184893623861464, 45.470295101969988 ], [ 9.184864899681003, 45.47031333042257 ], [ 9.184829395252956, 45.47029232540207 ], [ 9.184795260548151, 45.470299041279006 ], [ 9.184778785596979, 45.470307528834546 ], [ 9.184759922009839, 45.470328891692951 ], [ 9.184898084433627, 45.470407517415588 ], [ 9.184893125565209, 45.470573594113894 ], [ 9.184891875233118, 45.470621661541493 ], [ 9.184894880879382, 45.470680253276939 ], [ 9.184900541580044, 45.470729209638534 ], [ 9.184914465933371, 45.470840709682065 ], [ 9.184936802641619, 45.470981899466743 ], [ 9.184921976064718, 45.471025128284282 ], [ 9.184909632823079, 45.471045310496415 ], [ 9.185009374008668, 45.471071162211302 ], [ 9.185106767305788, 45.471200619282236 ], [ 9.185168552294522, 45.471277387963369 ], [ 9.185252191951966, 45.471386704894229 ], [ 9.185282390435543, 45.471427970645827 ], [ 9.185216871811811, 45.4714223160613 ], [ 9.185223612128702, 45.471449218175508 ], [ 9.185278237949994, 45.471449129745622 ], [ 9.18535381880589, 45.471558549656379 ], [ 9.185349606554066, 45.471561436802553 ], [ 9.185348355530127, 45.471570079799498 ], [ 9.185333554567576, 45.471581985106027 ], [ 9.185306070603051, 45.47158842033231 ], [ 9.184946768164071, 45.471526534572774 ], [ 9.184762302857761, 45.471490378455151 ], [ 9.184614868618317, 45.471472344347383 ], [ 9.184445393113975, 45.471442824282555 ], [ 9.184270513429778, 45.471403681586189 ], [ 9.184251452270367, 45.471443136707343 ], [ 9.184543946100646, 45.47149649144184 ], [ 9.185064424157448, 45.471592681812417 ], [ 9.185068495852263, 45.471585924469331 ], [ 9.185102553369303, 45.471594510355956 ], [ 9.185102572192177, 45.471600270972594 ], [ 9.185349879850881, 45.471644965742414 ], [ 9.185470256422789, 45.471682214911155 ], [ 9.185509799420753, 45.471686021249738 ], [ 9.185533817001543, 45.471949261875622 ], [ 9.185432832731653, 45.47193502394051 ], [ 9.185153408520607, 45.471888941159072 ], [ 9.185126784600831, 45.471884573737604 ], [ 9.18496831282933, 45.471856026760129 ], [ 9.184759245972304, 45.471808299097994 ], [ 9.184617152581763, 45.47178062528959 ], [ 9.18440538130973, 45.471727230705255 ], [ 9.184327521696778, 45.471703323444778 ], [ 9.1841457175702, 45.471659421176611 ], [ 9.184122969089834, 45.47170590299644 ], [ 9.184373018633533, 45.471767697389289 ], [ 9.184995206038595, 45.471903688644232 ], [ 9.185129228245627, 45.471927684625015 ] ], [ [ 9.185858811673894, 45.472003370631221 ], [ 9.185637873423415, 45.471964034798411 ], [ 9.185637744608043, 45.471963764977069 ], [ 9.185637103775768, 45.471963405976204 ], [ 9.185637743723152, 45.471963494948177 ], [ 9.185643648562724, 45.471696335371874 ], [ 9.185807980202336, 45.471717311049531 ], [ 9.185941467544684, 45.471734286158132 ], [ 9.186220264889688, 45.471823212844228 ], [ 9.186139096747594, 45.472038559063364 ], [ 9.18613796134278, 45.472043421455815 ], [ 9.186137708439054, 45.47204432196822 ], [ 9.185880956658472, 45.472007295106856 ], [ 9.185858811673894, 45.472003370631221 ] ] ] ] } },
{ "type": "Feature", "properties": { "id_amat": 1062, "tipo": "AP", "nome": "Stazione Genova", "gruppo_id": "0", "ordinanza": "469/2019 (Interventi di Tactical Urbanism - Delimitazione di Area Pedonale Sperimentale e Temporanea)", "deroghe": null, "val_inizio": "2019-03-16 00:00:00+01", "val_fine": "2020-12-31 00:00:00+01", "delibera": null, "tratto": null, "note": "Area Pedonale Sperimentale e Temporanea", "cartello": "AP", "dissuasori": null, "name": "Municipio 6", "ANNO": 2019, "area": 3948.696 }, "geometry": { "type": "MultiPolygon", "coordinates": [ [ [ [ 9.169796129420448, 45.453852020366526 ], [ 9.16980360632885, 45.453871811559694 ], [ 9.169838844211661, 45.453894531903444 ], [ 9.169838695211343, 45.453930176238615 ], [ 9.169838038573285, 45.454180586109054 ], [ 9.169934838635569, 45.454218786848877 ], [ 9.169934176261842, 45.454125807104695 ], [ 9.169933966083224, 45.454098354249055 ], [ 9.169932914923988, 45.453960999958888 ], [ 9.169931872404167, 45.453826525985072 ], [ 9.170188403312334, 45.453778349298879 ], [ 9.170292669194659, 45.453747590676748 ], [ 9.169929404965597, 45.452917964695253 ], [ 9.169845573650878, 45.452896396622513 ], [ 9.16972117948993, 45.452653733075216 ], [ 9.169640786548925, 45.452669874113766 ], [ 9.169543781171154, 45.452690360205153 ], [ 9.169539692016578, 45.452691446387426 ], [ 9.16953943328182, 45.4526904566562 ], [ 9.169501855219901, 45.452697443115881 ], [ 9.169604603237591, 45.452972092672425 ], [ 9.169554755048789, 45.452981527612167 ], [ 9.169624624108039, 45.453166575481831 ], [ 9.169676134184794, 45.45315686801699 ], [ 9.169752840430753, 45.453361437922581 ], [ 9.169702224592733, 45.453370874064568 ], [ 9.169774533403688, 45.45355888855542 ], [ 9.169823610146715, 45.453547924488724 ], [ 9.169854693499808, 45.453635368466472 ], [ 9.169850986602132, 45.453636004040419 ], [ 9.16985472855656, 45.453647069765573 ], [ 9.169864394137765, 45.453671718268552 ], [ 9.169881030209501, 45.453717868908335 ], [ 9.169752315720237, 45.453741462587445 ], [ 9.169756442139192, 45.453752797776573 ], [ 9.169757209206161, 45.453752706628457 ], [ 9.169762194198103, 45.453751799130657 ], [ 9.169767179189881, 45.453750891632644 ], [ 9.169772036292096, 45.453749984324126 ], [ 9.169777021283558, 45.453749076825666 ], [ 9.169782006274854, 45.453748169327 ], [ 9.169785840800493, 45.453747443555578 ], [ 9.169786991265994, 45.453747261828141 ], [ 9.169791848367575, 45.453746354518756 ], [ 9.169796833358397, 45.45374544701945 ], [ 9.169801818349052, 45.45374453951991 ], [ 9.169806803339556, 45.453743632020178 ], [ 9.169811660440503, 45.45374272470994 ], [ 9.169816517541298, 45.453741817399539 ], [ 9.169821502531319, 45.453740909899153 ], [ 9.169826487521183, 45.453740002398561 ], [ 9.169831472510884, 45.453739094897728 ], [ 9.169832495086684, 45.453738913359601 ], [ 9.1698420368293, 45.453764912203681 ], [ 9.169841014253063, 45.453765093741929 ], [ 9.169836540819002, 45.453766000484059 ], [ 9.169836157420304, 45.453766091063351 ], [ 9.169835646132169, 45.453766181832464 ], [ 9.169831172697934, 45.453767088574381 ], [ 9.169826187975387, 45.453768086085169 ], [ 9.169821330872496, 45.453768993396011 ], [ 9.169816474039061, 45.453769990716637 ], [ 9.169811489315991, 45.453770988226772 ], [ 9.169806504592751, 45.453771985736722 ], [ 9.169801647489212, 45.453772893046718 ], [ 9.169796790655088, 45.453773890366499 ], [ 9.169768671684425, 45.453779512723266 ], [ 9.169796129420448, 45.453852020366526 ] ], [ [ 9.17008524145416, 45.453409820077866 ], [ 9.170129341425694, 45.453402553701551 ], [ 9.170144557081214, 45.45344411588632 ], [ 9.170100330810879, 45.453451922518553 ], [ 9.17008524145416, 45.453409820077866 ] ] ] ] } },
{ "type": "Feature", "properties": { "id_amat": 1083, "tipo": "AP", "nome": "ALZAIA NAVIGLIO GRANDE", "gruppo_id": "0", "ordinanza": null, "deroghe": null, "val_inizio": null, "val_fine": null, "delibera": null, "tratto": "da via Valenza al civico 98", "note": null, "cartello": "AP", "dissuasori": null, "name": "Municipio 6", "ANNO": null, "area": 2655.636 }, "geometry": { "type": "MultiPolygon", "coordinates": [ [ [ [ 9.162184476616567, 45.449197998634432 ], [ 9.162168229060864, 45.44924032657218 ], [ 9.162168612956064, 45.449240416038755 ], [ 9.162168997366063, 45.449240685525517 ], [ 9.162169253639403, 45.449240865183363 ], [ 9.162169510427546, 45.44924122486141 ], [ 9.162169639079021, 45.449241494710506 ], [ 9.16216964010863, 45.449241854750909 ], [ 9.162168752160978, 45.449244376301877 ], [ 9.162388073843394, 45.449291770906285 ], [ 9.16261456075687, 45.449340415056362 ], [ 9.162845912911346, 45.449390942054947 ], [ 9.163059344718029, 45.449435373403517 ], [ 9.163430305324555, 45.449517203910247 ], [ 9.163745342086044, 45.449584801565614 ], [ 9.164134594916236, 45.449667773749027 ], [ 9.164505934921863, 45.44974707992251 ], [ 9.164871011649074, 45.449827023982913 ], [ 9.165350351745611, 45.449929034445908 ], [ 9.165529503105216, 45.449969280201131 ], [ 9.165912628682609, 45.45005423541096 ], [ 9.166173280444541, 45.450107773544353 ], [ 9.166369319884446, 45.450150243722469 ], [ 9.166676298926747, 45.450215054675091 ], [ 9.166676683100224, 45.450215234136543 ], [ 9.166677195155147, 45.450215413411783 ], [ 9.166677323830328, 45.450215683255706 ], [ 9.166677580122373, 45.45021586290337 ], [ 9.166677708797561, 45.450216132747364 ], [ 9.166677710120469, 45.450216582797665 ], [ 9.16667758303277, 45.450216853014048 ], [ 9.166717123539902, 45.450225346418875 ], [ 9.166926086454524, 45.450270047076749 ], [ 9.167092566462317, 45.450305808335337 ], [ 9.167126219496511, 45.450312599994803 ], [ 9.167229865755905, 45.450333511050218 ], [ 9.167258784278783, 45.450339319473102 ], [ 9.167368465255679, 45.450368412534232 ], [ 9.167507303406021, 45.450397462821726 ], [ 9.167510756215862, 45.450397457768425 ], [ 9.16752201646646, 45.450399691549116 ], [ 9.167529056882637, 45.450402021515814 ], [ 9.167578851605686, 45.450418420531562 ], [ 9.167630569376279, 45.450436436897085 ], [ 9.167684599436516, 45.450457960258802 ], [ 9.167767309733708, 45.450491142916889 ], [ 9.167785620075579, 45.450455741972128 ], [ 9.167761372142053, 45.450386109432053 ], [ 9.167724898400028, 45.450376891811331 ], [ 9.167700076020704, 45.450372427661563 ], [ 9.16760717504255, 45.450352671433983 ], [ 9.167573776892631, 45.45034560951175 ], [ 9.167279463036024, 45.450283032723952 ], [ 9.167253873443272, 45.450278569598417 ], [ 9.167225721710452, 45.45027258003303 ], [ 9.167150863499407, 45.450256577509975 ], [ 9.167150736679213, 45.450256937736995 ], [ 9.167150481446818, 45.450257118130629 ], [ 9.167150098332897, 45.450257298711009 ], [ 9.167149587337436, 45.450257479478161 ], [ 9.16714920395817, 45.450257570048485 ], [ 9.167148947929778, 45.450257480411935 ], [ 9.166994114784057, 45.450224942618881 ], [ 9.166734993110921, 45.450170324005292 ], [ 9.16621036987012, 45.450065414779459 ], [ 9.165880871955586, 45.449996134688725 ], [ 9.16552423757957, 45.449917801837735 ], [ 9.16521955701851, 45.449850824217023 ], [ 9.164755438986191, 45.449749961429738 ], [ 9.164561450311766, 45.449708205614151 ], [ 9.164371044134217, 45.449666984386937 ], [ 9.164122677536158, 45.449615134720865 ], [ 9.163929457068095, 45.449573376729511 ], [ 9.163654597805516, 45.449513823084914 ], [ 9.163408913597644, 45.449460437852437 ], [ 9.163188051711526, 45.449411607238005 ], [ 9.162958235792646, 45.449361798829131 ], [ 9.162775892222085, 45.44932191361849 ], [ 9.162610438532782, 45.449285334510321 ], [ 9.162471604836067, 45.449256008227636 ], [ 9.162184476616567, 45.449197998634432 ] ] ] ] } },
{ "type": "Feature", "properties": { "id_amat": 1084, "tipo": "AP", "nome": "ANTONIO GHIRINGHELLI", "gruppo_id": "0", "ordinanza": "10513/2016 (realizzazione area pedonale)", "deroghe": "il transito e la sosta:\n-  ai mezzi di soccorso, di emergenza e di polizia;\n- autorizzati;\nil transito:\n- velocipedii;\n- veicoli autorizzati  a servizio di persone invalide", "val_inizio": null, "val_fine": null, "delibera": null, "tratto": null, "note": null, "cartello": "AP", "dissuasori": null, "name": "Municipio 1", "ANNO": 2016, "area": 497.352 }, "geometry": { "type": "MultiPolygon", "coordinates": [ [ [ [ 9.18956435644303, 45.467191110595671 ], [ 9.18957610396903, 45.467184790421541 ], [ 9.189433458858183, 45.467065853172109 ], [ 9.189430636807195, 45.467063517579099 ], [ 9.189427942675804, 45.467061181774248 ], [ 9.189425248845581, 45.467058935979018 ], [ 9.189422299477787, 45.467056780616922 ], [ 9.189419350411152, 45.467054715264432 ], [ 9.189416145506039, 45.46705265033534 ], [ 9.189412940902081, 45.467050675415855 ], [ 9.189409736599258, 45.467048790505963 ], [ 9.189406276758884, 45.467046996029154 ], [ 9.189402817219642, 45.467045291561874 ], [ 9.189399357981506, 45.467043677104215 ], [ 9.189395643205808, 45.467042153079547 ], [ 9.189391928430313, 45.467040629054772 ], [ 9.18938821425678, 45.467039285049246 ], [ 9.189384372464986, 45.467038031265005 ], [ 9.189382835627963, 45.467037493747398 ], [ 9.189380402754045, 45.467036777692336 ], [ 9.189376561564316, 45.467035703927181 ], [ 9.189372592756284, 45.467034720383282 ], [ 9.189368496329928, 45.467033827060632 ], [ 9.18936439990371, 45.467032933737855 ], [ 9.189360304079283, 45.467032220434248 ], [ 9.189356336475099, 45.467031596928521 ], [ 9.189351985714744, 45.467031154077048 ], [ 9.189347762873764, 45.467030711013741 ], [ 9.189343540333653, 45.467030357959977 ], [ 9.189339318395204, 45.467030184925427 ], [ 9.189335096456778, 45.467030011890699 ], [ 9.189330875119957, 45.467030018875207 ], [ 9.189326654083919, 45.467030115869235 ], [ 9.189322433348645, 45.467030302872786 ], [ 9.18931808499481, 45.467030580097514 ], [ 9.189313992780296, 45.467030946908487 ], [ 9.189309772947183, 45.467031403940638 ], [ 9.189305553715503, 45.467032040991995 ], [ 9.189301462403026, 45.467032677831597 ], [ 9.189297371691936, 45.467033494690426 ], [ 9.189293281281454, 45.467034401558763 ], [ 9.189192908030316, 45.46708587335845 ], [ 9.189176440686598, 45.467096161744202 ], [ 9.189156919497306, 45.467111315725496 ], [ 9.18940286967065, 45.467290569217866 ], [ 9.189495403258272, 45.467228128976288 ], [ 9.189522595364137, 45.467211702090388 ], [ 9.18956435644303, 45.467191110595671 ] ] ] ] } },
{ "type": "Feature", "properties": { "id_amat": 1085, "tipo": "AP", "nome": "Toscana", "gruppo_id": "0", "ordinanza": "421/2018 (Istituzione area pedonale urbana)", "deroghe": "carico e scarico merci; veicoli diretti all'interno delle proprietà private", "val_inizio": null, "val_fine": null, "delibera": null, "tratto": "civico 41", "note": null, "cartello": "AP", "dissuasori": null, "name": "Municipio 5", "ANNO": 2018, "area": 467.661 }, "geometry": { "type": "MultiPolygon", "coordinates": [ [ [ [ 9.188432963634945, 45.445821191954508 ], [ 9.188537406932028, 45.445851173442044 ], [ 9.188539838883628, 45.44585188951919 ], [ 9.188542397509465, 45.445852245345527 ], [ 9.188553017423409, 45.445854208078288 ], [ 9.188555449076002, 45.445854834145095 ], [ 9.188563893679662, 45.445856350408675 ], [ 9.188575537464766, 45.445858581483691 ], [ 9.188739313286897, 45.445888464993267 ], [ 9.188767717543788, 45.445893458728833 ], [ 9.188776800018042, 45.445894523871814 ], [ 9.188892821771287, 45.44590702389192 ], [ 9.188886675540699, 45.445904513743109 ], [ 9.188873871295183, 45.445899404278734 ], [ 9.18885722610926, 45.445892860983875 ], [ 9.188838788327834, 45.445885600560736 ], [ 9.18882427619763, 45.44586681231057 ], [ 9.188814896319141, 45.445853236200136 ], [ 9.188809500241288, 45.445845594209842 ], [ 9.188804482084201, 45.445836241395888 ], [ 9.188797790811048, 45.44582365096354 ], [ 9.188795982029511, 45.445818073295726 ], [ 9.188792362669259, 45.445806377899856 ], [ 9.188790523918023, 45.445791799229504 ], [ 9.188791224310677, 45.445771725728271 ], [ 9.188795889309512, 45.4457518257069 ], [ 9.188800068596592, 45.445739667391329 ], [ 9.188807184721975, 45.445726244082607 ], [ 9.18881430803787, 45.445714981014021 ], [ 9.188823353613946, 45.445704974920268 ], [ 9.188836240115467, 45.445696402655692 ], [ 9.188837644598825, 45.445695770264308 ], [ 9.188844533148224, 45.445690808317607 ], [ 9.188853079522991, 45.445684493476641 ], [ 9.188874904993748, 45.445672306033721 ], [ 9.18883634283527, 45.445612062628179 ], [ 9.188793293205535, 45.445625005167088 ], [ 9.188788954885249, 45.445627802650819 ], [ 9.18875080298274, 45.445652348450345 ], [ 9.188709467452751, 45.445680859950201 ], [ 9.188685865227333, 45.445697100764654 ], [ 9.188669407597027, 45.44570846922646 ], [ 9.188659204564035, 45.445716496984851 ], [ 9.188649000330221, 45.445724164702256 ], [ 9.188635730479943, 45.445732827588095 ], [ 9.188623221564416, 45.445739598997193 ], [ 9.18859437028277, 45.44575395822401 ], [ 9.188591433735859, 45.445755313221547 ], [ 9.188561821197542, 45.445771473905076 ], [ 9.188550716154566, 45.445777432898147 ], [ 9.188528633035013, 45.445789080640282 ], [ 9.188510505238472, 45.445798111557167 ], [ 9.188492887126044, 45.445806601568499 ], [ 9.188482799653693, 45.445810938689412 ], [ 9.188471306492589, 45.445815548156226 ], [ 9.188465303420649, 45.445817628285354 ], [ 9.188459299749903, 45.445819528394097 ], [ 9.188456488973475, 45.445820253107399 ], [ 9.188454060913536, 45.445820707158788 ], [ 9.18845150438386, 45.445820981400665 ], [ 9.188446135282545, 45.445821440295362 ], [ 9.188438335129526, 45.445821453140617 ], [ 9.188432963634945, 45.445821191954508 ] ] ] ] } },
{ "type": "Feature", "properties": { "id_amat": 1086, "tipo": "AP", "nome": "Natta", "gruppo_id": "0", "ordinanza": "1141/2019 (Delimitazione di area pedonale urbana)", "deroghe": "veicoli di pubblica utilità, residenti, possessori di box o posto auto, veicoli al servizio delle strutture socio-sanitarie", "val_inizio": null, "val_fine": null, "delibera": null, "tratto": "tra i civici 19 e 20", "note": null, "cartello": "AP", "dissuasori": null, "name": "Municipio 8", "ANNO": 2019, "area": 655.425 }, "geometry": { "type": "MultiPolygon", "coordinates": [ [ [ [ 9.11898723012907, 45.488524805904952 ], [ 9.118776314355507, 45.488635736892213 ], [ 9.118737148603866, 45.488632267111534 ], [ 9.118737148603866, 45.488632267111534 ], [ 9.11873535874053, 45.48863307905529 ], [ 9.118735103180462, 45.488633259339856 ], [ 9.118734591494592, 45.488633349880054 ], [ 9.118734207588753, 45.488633350277972 ], [ 9.118622837592786, 45.488615643710752 ], [ 9.118622197561526, 45.488615554363676 ], [ 9.118622069216158, 45.4886153744769 ], [ 9.118621812902225, 45.488615194722634 ], [ 9.118621684368458, 45.488614924826223 ], [ 9.118621683803269, 45.488614654797281 ], [ 9.118621683426477, 45.488614474778025 ], [ 9.118623347206286, 45.488614563064978 ], [ 9.118623474986455, 45.488614472922812 ], [ 9.118623474798058, 45.48861438291317 ], [ 9.118128431032313, 45.488524074546021 ], [ 9.118128431032313, 45.488524074546021 ], [ 9.118128303439164, 45.488524254697268 ], [ 9.118128175283186, 45.488524164819594 ], [ 9.118128175283186, 45.488524164819594 ], [ 9.118119116702454, 45.488598612296691 ], [ 9.118119116890055, 45.488598702306341 ], [ 9.11818222902831, 45.488609978452644 ], [ 9.11818248534083, 45.488610158207891 ], [ 9.118182997402778, 45.488610247689458 ], [ 9.118182997778174, 45.488610427708757 ], [ 9.118182997778174, 45.488610427708757 ], [ 9.118183254278394, 45.488610697473625 ], [ 9.118183382997753, 45.488611057380183 ], [ 9.118183383373148, 45.488611237399482 ], [ 9.118181719406417, 45.488611059096463 ], [ 9.118181463656979, 45.488611149370122 ], [ 9.11818159181324, 45.488611239247767 ], [ 9.118675844111833, 45.488689846924416 ], [ 9.118675971892092, 45.488689756782186 ], [ 9.118676099106894, 45.488689396611058 ], [ 9.118676354855893, 45.488689306336269 ], [ 9.118676610227917, 45.488689036042203 ], [ 9.118677121725899, 45.488688855492612 ], [ 9.118677633412362, 45.48868876495267 ], [ 9.118677761569588, 45.488688854829725 ], [ 9.118677889538327, 45.488688854697159 ], [ 9.118751879610265, 45.488700299278101 ], [ 9.118751879610265, 45.488700299278101 ], [ 9.118758408091985, 45.488701282618344 ], [ 9.118770569086072, 45.488703160216843 ], [ 9.118770696866207, 45.488703070074521 ], [ 9.118770824269076, 45.488702799912907 ], [ 9.118775538928807, 45.48869316397208 ], [ 9.11895730121557, 45.488715207794854 ], [ 9.118957428995435, 45.488715117652312 ], [ 9.118967325912912, 45.488674782967777 ], [ 9.118967325912912, 45.488674782967777 ], [ 9.118967325723959, 45.488674692958135 ], [ 9.118963604050784, 45.488669656272329 ], [ 9.118968322075961, 45.488661640497064 ], [ 9.118988163267998, 45.488664500204074 ], [ 9.1189882910477, 45.488664410061503 ], [ 9.119014386451973, 45.488598585761579 ], [ 9.119057463250986, 45.488575408470368 ], [ 9.119058613832744, 45.48857486721549 ], [ 9.119058613832744, 45.48857486721549 ], [ 9.118987486443762, 45.488524985658401 ], [ 9.11898723012907, 45.488524805904952 ] ] ] ] } },
{ "type": "Feature", "properties": { "id_amat": 1087, "tipo": "AP", "nome": "SANTA RITA DA CASCIA", "gruppo_id": "0", "ordinanza": "512/2019 (Delimitazione di area pedonale urbana)", "deroghe": "possibilita'  di acesso  ai soli autorizzati", "val_inizio": null, "val_fine": null, "delibera": null, "tratto": "parte dell'area prospiciente il santuario di Santa Rita da Cascia", "note": null, "cartello": "AP", "dissuasori": null, "name": "Municipio 6", "ANNO": 2019, "area": 523.203 }, "geometry": { "type": "MultiPolygon", "coordinates": [ [ [ [ 9.149834236486143, 45.440821528445333 ], [ 9.149845745103647, 45.440821963435241 ], [ 9.149856739427054, 45.44082131897008 ], [ 9.149868116617869, 45.440820403970861 ], [ 9.149879493808308, 45.44081948897049 ], [ 9.149890870284963, 45.440818303938158 ], [ 9.149902118663022, 45.440817029061812 ], [ 9.149913494663025, 45.440815664006664 ], [ 9.14992474208861, 45.440814029086958 ], [ 9.149935989513541, 45.440812394166151 ], [ 9.149947108363845, 45.440810489380837 ], [ 9.149958355073686, 45.440808584426989 ], [ 9.149965000953754, 45.440807495594314 ], [ 9.149969345348421, 45.440806409776151 ], [ 9.149980335384358, 45.440804145114001 ], [ 9.149991325181453, 45.440801790440489 ], [ 9.150002314501672, 45.440799255745361 ], [ 9.150013047624382, 45.440796541363703 ], [ 9.150023908368304, 45.440793736803187 ], [ 9.150034513152612, 45.440790842566486 ], [ 9.150041157124786, 45.440789033647107 ], [ 9.150047417277756, 45.440787135219807 ], [ 9.150054188157069, 45.440784966090945 ], [ 9.150060703077324, 45.440782707286594 ], [ 9.150066962038526, 45.440780358806798 ], [ 9.150073220761113, 45.440777920316407 ], [ 9.149629238610441, 45.440662027754527 ], [ 9.149615479106249, 45.440680767941657 ], [ 9.149613950957601, 45.440683110214295 ], [ 9.149612167088797, 45.440685452821086 ], [ 9.149610254885113, 45.440687615574376 ], [ 9.14960821458391, 45.440689688484426 ], [ 9.149605918562493, 45.440691761728623 ], [ 9.14960489781839, 45.440692573157904 ], [ 9.149603494443534, 45.440693745129572 ], [ 9.149600941989686, 45.440695548676977 ], [ 9.149598133578253, 45.440697262548191 ], [ 9.149592897487086, 45.440699609665771 ], [ 9.149583191277237, 45.440703852846383 ], [ 9.149573356968569, 45.440708006182959 ], [ 9.149563266701019, 45.440712069842441 ], [ 9.149553303817575, 45.440715953313443 ], [ 9.149543084738079, 45.440719657097041 ], [ 9.149532865420012, 45.440723270869441 ], [ 9.149522518003314, 45.440726794797648 ], [ 9.149512170110926, 45.440730138704311 ], [ 9.149501566259879, 45.440733392933694 ], [ 9.149491090030578, 45.440736556984881 ], [ 9.149480357368381, 45.440739451338104 ], [ 9.149469624705082, 45.440742345690353 ], [ 9.149458763706301, 45.440745060187915 ], [ 9.149447902232284, 45.44074759466389 ], [ 9.149437040520205, 45.440750039128531 ], [ 9.149425922612734, 45.440752303905356 ], [ 9.14941493232749, 45.440754478503926 ], [ 9.149410714838139, 45.440755204093001 ], [ 9.149403813707172, 45.440756473247745 ], [ 9.149399980272101, 45.440757378356388 ], [ 9.149396274934109, 45.440758373308341 ], [ 9.149392697930184, 45.440759548113874 ], [ 9.149389121400121, 45.440760902939907 ], [ 9.149385545106892, 45.440762347776108 ], [ 9.149383118370235, 45.44076334105921 ], [ 9.149379797797083, 45.440764785561548 ], [ 9.149376605557935, 45.440766409917543 ], [ 9.149373541415779, 45.440768124116886 ], [ 9.149370605370622, 45.440769928159611 ], [ 9.149367925519641, 45.440771911889186 ], [ 9.149365245668472, 45.440773895618726 ], [ 9.149362694151259, 45.440776059201923 ], [ 9.14936039859127, 45.440778312461752 ], [ 9.149358358751554, 45.440780565387911 ], [ 9.149356319148627, 45.440782908324287 ], [ 9.149354535739919, 45.440785430947621 ], [ 9.149352879954348, 45.44078786339383 ], [ 9.14935148036303, 45.440790475526981 ], [ 9.149350971528404, 45.440791466307324 ], [ 9.149383463675004, 45.440797364613722 ], [ 9.1496681250332, 45.440813824798887 ], [ 9.149770172762699, 45.440819452019689 ], [ 9.149774903594402, 45.440819445830527 ], [ 9.149834236486143, 45.440821528445333 ] ] ] ] } },
{ "type": "Feature", "properties": { "id_amat": 1088, "tipo": "AP", "nome": "ingresso parco Trotter, in via Giuseppe Giacosa", "gruppo_id": "0", "ordinanza": "1808/2019 (Delimitazione di area pedonale)", "deroghe": "all'interno dell'area pedonale sara' consentito:\na) il transito e la sosta: \n- ai mezzi di soccorso, di emergenza e di polizia;\n-  ai veicoli che per particolari esigenze di servizio debbano accedere all'area pedonale, specificamente autorizzati dal comp", "val_inizio": null, "val_fine": null, "delibera": null, "tratto": "Esedra prospicente ingresso parco Trotter, in via Giuseppe Giacosa", "note": null, "cartello": "AP", "dissuasori": null, "name": "Municipio 2", "ANNO": 2019, "area": 695.153 }, "geometry": { "type": "MultiPolygon", "coordinates": [ [ [ [ 9.221868294063716, 45.494407938815712 ], [ 9.221868166082713, 45.49440793906389 ], [ 9.221807851051935, 45.494529479176414 ], [ 9.22180797938603, 45.494529568937352 ], [ 9.221801483034776, 45.494537412380865 ], [ 9.221779410076428, 45.494587410584963 ], [ 9.221779409370885, 45.494587230566836 ], [ 9.221779153760835, 45.494587321072103 ], [ 9.221696993002688, 45.494751658100242 ], [ 9.221696993707971, 45.494751838118383 ], [ 9.221696993707971, 45.494751838118383 ], [ 9.221698786863552, 45.494752194682455 ], [ 9.221787161677851, 45.494769215250088 ], [ 9.221787161677851, 45.494769215250088 ], [ 9.22183298975659, 45.494771826688464 ], [ 9.22183298975659, 45.494771826688464 ], [ 9.221848346517501, 45.494771526880555 ], [ 9.221848346517501, 45.494771526880555 ], [ 9.221897958287849, 45.494759909415414 ], [ 9.221907281545676, 45.494754940795282 ], [ 9.221929759390161, 45.49474292589619 ], [ 9.221929759390161, 45.49474292589619 ], [ 9.221955158562674, 45.49472523471082 ], [ 9.221955158562674, 45.49472523471082 ], [ 9.221977355705599, 45.494706919664523 ], [ 9.221977355705599, 45.494706919664523 ], [ 9.221983605975215, 45.494701596961661 ], [ 9.221999676578294, 45.494687524256769 ], [ 9.222018034597266, 45.494669306662004 ], [ 9.222028604800705, 45.494655964705302 ], [ 9.222045764573176, 45.494658541683584 ], [ 9.222045764573176, 45.494658541683584 ], [ 9.222045764573176, 45.494658541683584 ], [ 9.222064302940662, 45.494621061644828 ], [ 9.222064174252729, 45.494620881875143 ], [ 9.222063661973557, 45.494620792859756 ], [ 9.222063532932399, 45.494620523080982 ], [ 9.222063532932399, 45.494620523080982 ], [ 9.222063020300016, 45.49462034405655 ], [ 9.222063018887118, 45.494619984020275 ], [ 9.222063018180673, 45.494619804002163 ], [ 9.222063017121004, 45.494619533974976 ], [ 9.22206352516147, 45.494618542881597 ], [ 9.222063524455022, 45.494618362863449 ], [ 9.222063268492063, 45.494618363360296 ], [ 9.222063268492063, 45.494618363360296 ], [ 9.222048420167946, 45.494617762112767 ], [ 9.22204381177513, 45.494617501028046 ], [ 9.22204381177513, 45.494617501028046 ], [ 9.22204381177513, 45.494617501028046 ], [ 9.222048989788368, 45.49459984906693 ], [ 9.222048977073136, 45.494596608740594 ], [ 9.222049818903256, 45.494582835614864 ], [ 9.222047803465449, 45.494558446884334 ], [ 9.222042979504861, 45.494535863799761 ], [ 9.222034189542356, 45.494513648451282 ], [ 9.222023366367207, 45.49449512744777 ], [ 9.222004467673502, 45.494473381763392 ], [ 9.221977634165961, 45.494451651472183 ], [ 9.22196480180834, 45.494442945424396 ], [ 9.221948376099808, 45.494431726073486 ], [ 9.221948376099808, 45.494431726073486 ], [ 9.221936329641425, 45.494427608995174 ], [ 9.221913006028036, 45.494419733381449 ], [ 9.221877532695011, 45.494414041561441 ], [ 9.221868294063716, 45.494407938815712 ], [ 9.221868294063716, 45.494407938815712 ] ] ] ] } },
{ "type": "Feature", "properties": { "id_amat": 1089, "tipo": "AP", "nome": "Senigallia", "gruppo_id": "0", "ordinanza": "1138/2019 (Delimitazione di area pedonale)", "deroghe": "all'interno dell'area pedonale sara' consentito:\na) il transito e la sosta: \n- ai mezzi di soccorso, di emergenza e di polizia;\n-  ai veicoli che per particolari esigenze di servizio debbano accedere all'area pedonale, specificamente autorizzati dal comp", "val_inizio": null, "val_fine": null, "delibera": null, "tratto": "civico 60", "note": null, "cartello": "AP", "dissuasori": null, "name": "Municipio 9", "ANNO": 2019, "area": 2998.653 }, "geometry": { "type": "MultiPolygon", "coordinates": [ [ [ [ 9.167264752022534, 45.529561183080261 ], [ 9.167319713051688, 45.529482254698308 ], [ 9.167230733079581, 45.52944665108356 ], [ 9.167187053893644, 45.529486498955016 ], [ 9.167165342072463, 45.529506332688577 ], [ 9.166985899609672, 45.529670231324644 ], [ 9.166963932055898, 45.529690245410762 ], [ 9.166970649814582, 45.529796806492598 ], [ 9.166999553478719, 45.529957250708371 ], [ 9.166947563516931, 45.530001791087336 ], [ 9.166955847495847, 45.53007495647234 ], [ 9.167063202133924, 45.530044466738453 ], [ 9.167107474306389, 45.530075095244776 ], [ 9.167140936521427, 45.530131212118384 ], [ 9.167140936521427, 45.530131212118384 ], [ 9.167237797241558, 45.530103167791708 ], [ 9.167268051650616, 45.530157129094199 ], [ 9.167268051650616, 45.530157129094199 ], [ 9.167193539471684, 45.530207373072422 ], [ 9.167088091437817, 45.530233089658061 ], [ 9.167088091437817, 45.530233089658061 ], [ 9.167140217102846, 45.530277748118557 ], [ 9.167241156113937, 45.530242947145815 ], [ 9.167351774744047, 45.530190220104394 ], [ 9.167432096486571, 45.530328806789498 ], [ 9.167579483127346, 45.530583227068121 ], [ 9.167586570889142, 45.530641362618937 ], [ 9.167640227714994, 45.530727062790028 ], [ 9.16764960027851, 45.530605536675594 ], [ 9.16774156054216, 45.530609002313476 ], [ 9.167791505571623, 45.530609019118138 ], [ 9.167793802821583, 45.530563201079509 ], [ 9.167785990687749, 45.530563122522196 ], [ 9.167643063938833, 45.530560631669772 ], [ 9.167594235251782, 45.530461963106575 ], [ 9.167590365345147, 45.530452517809003 ], [ 9.16752832988678, 45.530305083575797 ], [ 9.16752832988678, 45.530305083575797 ], [ 9.167446303534396, 45.530109883674761 ], [ 9.167514172319992, 45.530108344222491 ], [ 9.167635709101722, 45.530110056482521 ], [ 9.167638116668803, 45.530101412074735 ], [ 9.167439997685566, 45.530056247425293 ], [ 9.167287500296435, 45.530021546839379 ], [ 9.167203824334949, 45.530004297329 ], [ 9.167190828316429, 45.529983434181354 ], [ 9.167041620699942, 45.529805073797419 ], [ 9.167051971092787, 45.529797407910969 ], [ 9.16706940304622, 45.529759308581426 ], [ 9.167130708985283, 45.52970386343079 ], [ 9.16749858484263, 45.529904406218137 ], [ 9.167551047505651, 45.52993313237446 ], [ 9.167857074754679, 45.530048345801333 ], [ 9.167823395093365, 45.530091779614601 ], [ 9.167804616268702, 45.530366335153168 ], [ 9.167802035396004, 45.530402882663864 ], [ 9.167873393223923, 45.530411778948093 ], [ 9.167876570634281, 45.530489902255297 ], [ 9.167907949331138, 45.530490936339099 ], [ 9.16789564038015, 45.530399685087339 ], [ 9.167844328071212, 45.530370417349658 ], [ 9.167913154276601, 45.530001188743107 ], [ 9.16765176410663, 45.529780419325213 ], [ 9.167264752022534, 45.529561183080261 ] ], [ [ 9.16741316547771, 45.529730813450477 ], [ 9.167250237976637, 45.529633211642818 ], [ 9.16726045785216, 45.529624735845211 ], [ 9.167423385346357, 45.529722337638468 ], [ 9.16741316547771, 45.529730813450477 ] ], [ [ 9.167556287680437, 45.529886409935379 ], [ 9.167393359482405, 45.529788808335496 ], [ 9.167403707426125, 45.529780332338014 ], [ 9.167566507555664, 45.529877934110743 ], [ 9.167556287680437, 45.529886409935379 ] ], [ [ 9.16780065216866, 45.52997993154036 ], [ 9.167655625249017, 45.529873303152627 ], [ 9.167652801750792, 45.529871237076918 ], [ 9.167664176566976, 45.529863569634593 ], [ 9.167812026986581, 45.529972264083455 ], [ 9.16780065216866, 45.52997993154036 ] ] ] ] } },
{ "type": "Feature", "properties": { "id_amat": 1091, "tipo": "AP", "nome": "ZANUSO, MAGISTRETTI, BRUNELLI", "gruppo_id": "0", "ordinanza": "61631/2008 (Istituzione area pedonale urbana)", "deroghe": null, "val_inizio": null, "val_fine": "2050-01-01 00:00:00+01", "delibera": null, "tratto": null, "note": null, "cartello": "AP", "dissuasori": null, "name": "Municipio 8", "ANNO": 2008, "area": 2720.501 }, "geometry": { "type": "MultiPolygon", "coordinates": [ [ [ [ 9.14834851782641, 45.489319434998016 ], [ 9.148216128365036, 45.489244538268231 ], [ 9.148214590607104, 45.489243730170521 ], [ 9.148077343123889, 45.489170549754668 ], [ 9.14807580536996, 45.489169741655076 ], [ 9.148007379715652, 45.48913544637864 ], [ 9.147910834799472, 45.489065183459651 ], [ 9.147908783527711, 45.489063745952393 ], [ 9.147906476317189, 45.489062308775765 ], [ 9.147904297546297, 45.489061051452829 ], [ 9.147901862836646, 45.489059794460452 ], [ 9.147667628958642, 45.488942814001156 ], [ 9.147559306486716, 45.488870585756345 ], [ 9.147502804416568, 45.488844645722324 ], [ 9.147501514179332, 45.488840596942005 ], [ 9.147487449316426, 45.488795970182835 ], [ 9.147486675644135, 45.488793720933579 ], [ 9.147485646034268, 45.488791472014015 ], [ 9.147484488455666, 45.488789223259303 ], [ 9.147483717127256, 45.488787874105391 ], [ 9.147483203142711, 45.488787064678931 ], [ 9.147481790095409, 45.488784996272962 ], [ 9.147480121110613, 45.488782928196656 ], [ 9.147478324391495, 45.488780950294661 ], [ 9.147476527672508, 45.488778972392666 ], [ 9.147474347281628, 45.488777084994695 ], [ 9.147472295328379, 45.488775377450892 ], [ 9.147469859468915, 45.488773670401578 ], [ 9.147467423843933, 45.488772053361721 ], [ 9.147464860484657, 45.488770526496168 ], [ 9.147462169391087, 45.488769089804954 ], [ 9.147459350797535, 45.488767833297501 ], [ 9.14745653220411, 45.488766576790013 ], [ 9.147453586110689, 45.488765500466336 ], [ 9.147450512282932, 45.488764514316934 ], [ 9.147447438689595, 45.488763618176989 ], [ 9.147444237361899, 45.488762812211284 ], [ 9.147441036502894, 45.488762186264559 ], [ 9.147437963847004, 45.488761650162502 ], [ 9.147434379784743, 45.48876129473858 ], [ 9.147431179628784, 45.488760938820192 ], [ 9.147427724003913, 45.488760763250355 ], [ 9.147424524785118, 45.488760767369904 ], [ 9.147421069863078, 45.48876086182846 ], [ 9.147417743144047, 45.488761046131714 ], [ 9.147414416893506, 45.488761410453897 ], [ 9.147411218845924, 45.488761864620741 ], [ 9.147407893063784, 45.488762408961833 ], [ 9.147404695718821, 45.488763133157107 ], [ 9.147401626342528, 45.48876385718755 ], [ 9.147398429700097, 45.488764851411275 ], [ 9.147395488995079, 45.488765845305394 ], [ 9.147392548758397, 45.488767019218528 ], [ 9.147389736724584, 45.488768282976388 ], [ 9.147386924924858, 45.48876963674369 ], [ 9.147384369296754, 45.488771080191 ], [ 9.147381813902724, 45.488772613647775 ], [ 9.147379386711538, 45.488774236949297 ], [ 9.147377215691987, 45.488775949930876 ], [ 9.1473749169377, 45.488777753086637 ], [ 9.147373002323853, 45.488779645757745 ], [ 9.147371215912857, 45.488781628273614 ], [ 9.147369429501738, 45.488783610789476 ], [ 9.147367771293487, 45.488785683150091 ], [ 9.147366369256918, 45.488787845190835 ], [ 9.147365223157884, 45.4887900069021 ], [ 9.147363949324113, 45.488792258787605 ], [ 9.147363059396723, 45.488794510178963 ], [ 9.147362297672272, 45.488796851415138 ], [ 9.14736166368243, 45.48879910247706 ], [ 9.147361413833238, 45.488801443054385 ], [ 9.147361036015173, 45.488803783796413 ], [ 9.147361042337819, 45.488806214053852 ], [ 9.147361176395149, 45.488808554137037 ], [ 9.147361438421362, 45.488810894055511 ], [ 9.147361956385334, 45.488813233644571 ], [ 9.147362602318232, 45.488815573068912 ], [ 9.147385441817701, 45.488888181606512 ], [ 9.147407118409401, 45.488956471163846 ], [ 9.147407506064942, 45.488957910822094 ], [ 9.147430820022198, 45.489065262533146 ], [ 9.147447965514891, 45.489162631090622 ], [ 9.147448483954335, 45.489165150698184 ], [ 9.147489717615507, 45.489323064837109 ], [ 9.147534311602952, 45.48954272136649 ], [ 9.147540046407595, 45.489582678338202 ], [ 9.147543553431802, 45.489602565989763 ], [ 9.147531271999876, 45.489604021973413 ], [ 9.147374970252434, 45.489781902665165 ], [ 9.147372801770301, 45.489784605751076 ], [ 9.147303680688603, 45.489876684739379 ], [ 9.147302150417248, 45.489878756934061 ], [ 9.147300876556525, 45.489881008818479 ], [ 9.147299730432922, 45.489883170528707 ], [ 9.147298712748686, 45.489885512093302 ], [ 9.147297950772899, 45.489887763319118 ], [ 9.147297189031125, 45.489890104554426 ], [ 9.147296811203242, 45.489892445295794 ], [ 9.147296433609398, 45.489894876046705 ], [ 9.147296311724102, 45.489897216458793 ], [ 9.147296318044205, 45.489899646715777 ], [ 9.147296580072901, 45.489901986633953 ], [ 9.147296970072965, 45.489904326387489 ], [ 9.147297616015752, 45.489906665811709 ], [ 9.147298389929951, 45.489909005071318 ], [ 9.147299291815575, 45.489911344166295 ], [ 9.147300449409911, 45.48991359292242 ], [ 9.147301606770252, 45.489915751669031 ], [ 9.147303148044804, 45.489917909921679 ], [ 9.147304689085379, 45.489919978164792 ], [ 9.147306486068834, 45.489922046078554 ], [ 9.14730841078971, 45.489924023818155 ], [ 9.147310463248008, 45.489925911383537 ], [ 9.14731264344374, 45.489927708774687 ], [ 9.147314951376897, 45.489929415991654 ], [ 9.147317387281602, 45.489931123043874 ], [ 9.147319950689626, 45.489932649912362 ], [ 9.147322769806488, 45.489934086441927 ], [ 9.147325460717957, 45.489935433126583 ], [ 9.147687788678814, 45.490097884078558 ], [ 9.147751066384876, 45.490022554228524 ], [ 9.147444208383323, 45.48988235448757 ], [ 9.147484889661008, 45.489827936158605 ], [ 9.147616821025597, 45.48967780976767 ], [ 9.147925336325198, 45.489815846672968 ], [ 9.147990783261475, 45.489738353647915 ], [ 9.147663562687443, 45.489591970130668 ], [ 9.147669191752598, 45.489591332801638 ], [ 9.147663444653459, 45.489546695341446 ], [ 9.147661361222546, 45.489532926525392 ], [ 9.147661100353776, 45.489531036655535 ], [ 9.147616244782155, 45.489309400296257 ], [ 9.147615856415118, 45.489307690610261 ], [ 9.147574751555121, 45.489150226399552 ], [ 9.147557863662575, 45.48905357760755 ], [ 9.147557476706007, 45.489052407978456 ], [ 9.147553072519083, 45.48903198142267 ], [ 9.147543616805624, 45.488988248829955 ], [ 9.147563860571838, 45.488997673772374 ], [ 9.147582832860154, 45.489010250694342 ], [ 9.147585140060331, 45.48901168787755 ], [ 9.147587446791555, 45.489012945041644 ], [ 9.147589881492209, 45.489014202040735 ], [ 9.147822962605103, 45.48913073409723 ], [ 9.14791950775947, 45.48920108709919 ], [ 9.147921559036497, 45.489202524606213 ], [ 9.14792373828338, 45.489203961947851 ], [ 9.14792604502998, 45.489205219105052 ], [ 9.147928479746442, 45.489206476096832 ], [ 9.148000877678287, 45.489242746501439 ], [ 9.148136587479526, 45.489315118909396 ], [ 9.148285878018697, 45.489393414214788 ], [ 9.148324273765889, 45.489346289338414 ], [ 9.14834851782641, 45.489319434998016 ] ] ] ] } },
{ "type": "Feature", "properties": { "id_amat": 1095, "tipo": "AP", "nome": "Appennini", "gruppo_id": "0", "ordinanza": "1140/2019 (Delimitazione di area pedonale)", "deroghe": "mezzi di soccorso, di emergenza e di polizia, altri autorizzati", "val_inizio": null, "val_fine": null, "delibera": null, "tratto": "tra il civico 92 e 98", "note": null, "cartello": "AP", "dissuasori": null, "name": "Municipio 8", "ANNO": 2019, "area": 9402.038 }, "geometry": { "type": "MultiPolygon", "coordinates": [ [ [ [ 9.101319264383061, 45.505365865484542 ], [ 9.101326716930791, 45.505381610571071 ], [ 9.101327372897581, 45.505390520938704 ], [ 9.101326238219711, 45.505400242975583 ], [ 9.101319725007285, 45.505408709633379 ], [ 9.10130413071837, 45.505421324758188 ], [ 9.101266295418233, 45.5054519614486 ], [ 9.101148187285478, 45.505547385878529 ], [ 9.100977543970734, 45.505685611026863 ], [ 9.100937773455556, 45.505707968431892 ], [ 9.100901320524072, 45.505724382270948 ], [ 9.100857868189056, 45.505620009419268 ], [ 9.100804259275943, 45.505490802841322 ], [ 9.10065749725949, 45.505525765531154 ], [ 9.100707047708502, 45.505676398020292 ], [ 9.100735877988422, 45.505764492049622 ], [ 9.100674709752852, 45.505775436952959 ], [ 9.100548278086018, 45.505797960320976 ], [ 9.100436828793962, 45.50582362075555 ], [ 9.100432355386223, 45.505827495086798 ], [ 9.10042608715905, 45.505829840827964 ], [ 9.100268404351224, 45.505842760241009 ], [ 9.100212096890015, 45.505851810443168 ], [ 9.100040613607009, 45.505878603080014 ], [ 9.100040613765909, 45.505878693089436 ], [ 9.100022826247676, 45.505881858948435 ], [ 9.099938200617682, 45.50565708887401 ], [ 9.099890340023519, 45.505665141447103 ], [ 9.099972659588385, 45.50588892346294 ], [ 9.099827437189449, 45.505926764046933 ], [ 9.099733705371262, 45.505691560643967 ], [ 9.099633889082257, 45.505708389235053 ], [ 9.099670219177201, 45.505767493933121 ], [ 9.099777541695461, 45.505942469157567 ], [ 9.099677505215629, 45.505979910167476 ], [ 9.099566204366772, 45.506017630903919 ], [ 9.099550852568392, 45.506022864793337 ], [ 9.099532931594037, 45.506022970366779 ], [ 9.099297535970807, 45.506102652982548 ], [ 9.099291906130189, 45.506104098012685 ], [ 9.099284738139932, 45.506104374250668 ], [ 9.099278209560241, 45.506104289896093 ], [ 9.099145321381174, 45.50609549397533 ], [ 9.099126257125363, 45.506100641009269 ], [ 9.099017181500342, 45.506093534524688 ], [ 9.099008859863234, 45.506092911646327 ], [ 9.098947407259654, 45.506088014187142 ], [ 9.09885958104627, 45.50608088920611 ], [ 9.098859453038051, 45.506080889316522 ], [ 9.098853591712297, 45.506023018224113 ], [ 9.098827164132068, 45.505843021887856 ], [ 9.098747438713472, 45.50585650202558 ], [ 9.09872773132718, 45.505859849356028 ], [ 9.098769296814879, 45.505985466896107 ], [ 9.098800953907737, 45.506081299795206 ], [ 9.098562704771499, 45.506066653336703 ], [ 9.098547522797254, 45.506022381686655 ], [ 9.09850503647047, 45.506029528962465 ], [ 9.098442718411119, 45.506042183839902 ], [ 9.098478840976467, 45.506203449941438 ], [ 9.098599659077822, 45.506190744736514 ], [ 9.098604778790293, 45.506190380294058 ], [ 9.098600633971685, 45.506162480896364 ], [ 9.098809645336978, 45.506147179300832 ], [ 9.098813919364739, 45.506175708646538 ], [ 9.098832478233641, 45.50617434250205 ], [ 9.098869668963435, 45.506286822375451 ], [ 9.098337983803129, 45.506323553614521 ], [ 9.098247457683188, 45.50594064056785 ], [ 9.098209706425052, 45.505947063598676 ], [ 9.098099011667708, 45.505965700359305 ], [ 9.098136041038765, 45.505985920813515 ], [ 9.098140400013543, 45.505989787492588 ], [ 9.098141429533218, 45.505992936945781 ], [ 9.098141944526905, 45.505994646686503 ], [ 9.098129457405518, 45.506027960915283 ], [ 9.098055677257054, 45.506222534713771 ], [ 9.098019749160018, 45.506321035899013 ], [ 9.098017968401651, 45.506327608119435 ], [ 9.098017210312193, 45.506333369379306 ], [ 9.098019789636798, 45.506344438349075 ], [ 9.098034306015913, 45.50637412908798 ], [ 9.098042013332449, 45.50638960413945 ], [ 9.098050088795777, 45.506395897900759 ], [ 9.098055598631008, 45.506399043521874 ], [ 9.098059827131356, 45.506401470162473 ], [ 9.098072379018104, 45.506405509853643 ], [ 9.098077372769561, 45.506406315666851 ], [ 9.098082878557024, 45.506407121041676 ], [ 9.098093759630682, 45.506407291749333 ], [ 9.098152765528136, 45.506403640854941 ], [ 9.098207675287522, 45.506400083449222 ], [ 9.099044371922531, 45.506343377565983 ], [ 9.099151119622121, 45.506336624566451 ], [ 9.099144260214935, 45.506366963720431 ], [ 9.099142989574442, 45.506372365392878 ], [ 9.0992242394396, 45.506351862915224 ], [ 9.099282248693511, 45.506290876212503 ], [ 9.099404271695798, 45.506162326811577 ], [ 9.099404271537914, 45.506162236802155 ], [ 9.099532245277368, 45.50606950590582 ], [ 9.099547339808876, 45.506063552165898 ], [ 9.099558086961528, 45.506060392496643 ], [ 9.099564100341048, 45.506058677091517 ], [ 9.099582782099898, 45.506054430412398 ], [ 9.099618355710342, 45.506047198734564 ], [ 9.09964177407878, 45.506043127948033 ], [ 9.099694753453246, 45.506033990912591 ], [ 9.099762833328683, 45.50602232044232 ], [ 9.099815812663955, 45.506013183350731 ], [ 9.100073413264607, 45.505967863932995 ], [ 9.100242838964032, 45.505935582463614 ], [ 9.100299654393172, 45.50592419155327 ], [ 9.10029965423386, 45.505924101543833 ], [ 9.100382190126755, 45.505907557536297 ], [ 9.100460247294343, 45.505891917490452 ], [ 9.100506313814847, 45.50588269612782 ], [ 9.100608044034201, 45.505862354721856 ], [ 9.10074509165662, 45.505834871430928 ], [ 9.100745091816641, 45.505834961440335 ], [ 9.100817091690827, 45.505868381687215 ], [ 9.100838602435855, 45.505871423088735 ], [ 9.100837190186354, 45.505869084082605 ], [ 9.101074358068056, 45.505780035733004 ], [ 9.101349393638186, 45.505678802118091 ], [ 9.101435358475324, 45.505647402737999 ], [ 9.101576458322507, 45.505595882307432 ], [ 9.101669454412212, 45.505559525992474 ], [ 9.101697852103852, 45.505548429620475 ], [ 9.101803511181853, 45.505506751394357 ], [ 9.101826282663826, 45.505499080351406 ], [ 9.101969546560559, 45.505441256841252 ], [ 9.101988282041551, 45.505467072917014 ], [ 9.102055139429249, 45.50555909319143 ], [ 9.102114173995465, 45.505643019534538 ], [ 9.102191970243394, 45.505625128297879 ], [ 9.102080709450988, 45.505470591012269 ], [ 9.102049653992012, 45.505427414075214 ], [ 9.102229565849798, 45.505390889868508 ], [ 9.102229437843153, 45.505390889982671 ], [ 9.102277806647072, 45.505381035784161 ], [ 9.102526176790779, 45.505330678531081 ], [ 9.102593099750122, 45.505317117206452 ], [ 9.103098655935272, 45.50513781449817 ], [ 9.103174242439193, 45.505242607629349 ], [ 9.103091626020907, 45.505284266399642 ], [ 9.102949028889652, 45.505355952193881 ], [ 9.10273967226756, 45.505461001217547 ], [ 9.10259988664783, 45.505530613833116 ], [ 9.102805250452995, 45.505482274678187 ], [ 9.102803837805254, 45.50547975567742 ], [ 9.103286151943475, 45.505260058692464 ], [ 9.103512790258387, 45.505156433208583 ], [ 9.103547709444468, 45.505141910121367 ], [ 9.103569457645074, 45.505134869722021 ], [ 9.103585707339365, 45.505130984623754 ], [ 9.103607207089516, 45.505128084882259 ], [ 9.103643299855067, 45.505125351959187 ], [ 9.103791514524856, 45.505116306872985 ], [ 9.103838615460919, 45.50511338389871 ], [ 9.103747195152469, 45.50517026273905 ], [ 9.103776680249354, 45.505194088580105 ], [ 9.103794567811388, 45.505175890446601 ], [ 9.103804150464496, 45.505166160733069 ], [ 9.103857079341898, 45.505130288967564 ], [ 9.104010576893526, 45.505070383398824 ], [ 9.103908013213779, 45.504983797215921 ], [ 9.10375904345039, 45.504859898989089 ], [ 9.103758145928984, 45.504859089715467 ], [ 9.103710071075858, 45.504819348997039 ], [ 9.103653919610577, 45.504772864844831 ], [ 9.103607638786642, 45.504734112565423 ], [ 9.103431875427464, 45.504587285682653 ], [ 9.103359886206951, 45.504629835155818 ], [ 9.103531932919275, 45.504774235247254 ], [ 9.103489865716233, 45.504799745954607 ], [ 9.103447542464464, 45.504825256877467 ], [ 9.103273831254468, 45.504680588131421 ], [ 9.103243015168685, 45.504698797832681 ], [ 9.103399548831222, 45.504829890678131 ], [ 9.103417240841628, 45.504844816304583 ], [ 9.103555827373714, 45.504961073546177 ], [ 9.103669671127001, 45.505056470780687 ], [ 9.103439066133152, 45.505160550205908 ], [ 9.10327842234642, 45.505233062786388 ], [ 9.103185043805032, 45.505128825802139 ], [ 9.103402219697289, 45.505030879657866 ], [ 9.103278120085095, 45.50492676047007 ], [ 9.103104022851108, 45.504780921691719 ], [ 9.103052093474545, 45.504803380784203 ], [ 9.103242475239545, 45.504964506600381 ], [ 9.103089875164679, 45.505025490445718 ], [ 9.102933526074095, 45.504854972818748 ], [ 9.102904747573129, 45.504867509994561 ], [ 9.103025145134884, 45.505048051048455 ], [ 9.102843631578299, 45.505118061510089 ], [ 9.102742577320479, 45.505157036285816 ], [ 9.102650861016764, 45.505192492234933 ], [ 9.102543794269309, 45.505233722458797 ], [ 9.102463713109991, 45.5051202920096 ], [ 9.102419181137902, 45.505057325111387 ], [ 9.102360074609786, 45.505075199813511 ], [ 9.102476259525526, 45.50526285595803 ], [ 9.102346794477329, 45.505305816204114 ], [ 9.10221870485519, 45.505117900519096 ], [ 9.10221870485519, 45.505117900519096 ], [ 9.102156527352591, 45.505136497931282 ], [ 9.102288713992968, 45.505324950086234 ], [ 9.102206453383234, 45.505351396280503 ], [ 9.102202358147466, 45.505351939989971 ], [ 9.102133252613671, 45.505361992657363 ], [ 9.102010265996935, 45.505377493828469 ], [ 9.101995767874985, 45.505358964760255 ], [ 9.101966252993174, 45.505318216687094 ], [ 9.101891569688611, 45.50521621225186 ], [ 9.101821588761322, 45.505237696725089 ], [ 9.101898583369138, 45.505343749581485 ], [ 9.101936952046289, 45.50539637106079 ], [ 9.101794073382091, 45.505454824255374 ], [ 9.101752111237186, 45.505396985363859 ], [ 9.101722853655312, 45.505356867066659 ], [ 9.101648529790415, 45.505383665852612 ], [ 9.101674673567718, 45.505471942051358 ], [ 9.101529832244687, 45.50550690415816 ], [ 9.101450435205713, 45.505345677315404 ], [ 9.101445168406956, 45.505335330876541 ], [ 9.101319264383061, 45.505365865484542 ] ], [ [ 9.103874418863052, 45.505092469230398 ], [ 9.103874418863052, 45.505092469230398 ], [ 9.103778753074458, 45.505067803268382 ], [ 9.103759543123218, 45.505062870135887 ], [ 9.103722346447062, 45.505021949449976 ], [ 9.103634357663303, 45.504925358765107 ], [ 9.103663773259896, 45.504911290666492 ], [ 9.103687305858372, 45.504900108189652 ], [ 9.103836414297838, 45.505029857006029 ], [ 9.103825289336111, 45.505036167755854 ], [ 9.1038159548047, 45.50504157678693 ], [ 9.103874418863052, 45.505092469230398 ] ] ] ] } },
{ "type": "Feature", "properties": { "id_amat": 1096, "tipo": "AP", "nome": "Belloveso", "gruppo_id": "0", "ordinanza": "1476/2019 (Interventi di \"Tactical Urbanism\"- Delimitazione di area pedonale sperimentale e temporanea, altre modifiche e riorganizzazione stradale)", "deroghe": null, "val_inizio": null, "val_fine": null, "delibera": null, "tratto": "da via Bauer a via Santagostino", "note": null, "cartello": "AP", "dissuasori": null, "name": "Municipio 9", "ANNO": 2019, "area": 814.758 }, "geometry": { "type": "MultiPolygon", "coordinates": [ [ [ [ 9.193728035256841, 45.515540101385938 ], [ 9.193738086967779, 45.515521812456434 ], [ 9.193746612190532, 45.515506406411916 ], [ 9.193752215250669, 45.515497576002048 ], [ 9.193760780861204, 45.515493961121713 ], [ 9.193771785497834, 45.515492232308361 ], [ 9.193805352232724, 45.515498926168732 ], [ 9.193839815795842, 45.515505798518845 ], [ 9.194200372630775, 45.515587635803385 ], [ 9.194234201713636, 45.515596129280681 ], [ 9.194258419955165, 45.51560211880043 ], [ 9.194287771740953, 45.515611699975572 ], [ 9.194305977565518, 45.515619139844127 ], [ 9.194328943674748, 45.515633322331844 ], [ 9.194348737826282, 45.515655881077883 ], [ 9.194361610980467, 45.515676291350239 ], [ 9.19436704389585, 45.515692483816714 ], [ 9.194367691157785, 45.515694552933802 ], [ 9.19437040730751, 45.515702559158029 ], [ 9.194373162434797, 45.515721906502115 ], [ 9.194446890222112, 45.515493337344495 ], [ 9.194319038714989, 45.515470692136795 ], [ 9.194296747760493, 45.515466679564511 ], [ 9.193988629421293, 45.515406355957552 ], [ 9.193950195464668, 45.515399040334756 ], [ 9.193834385857963, 45.515378354380609 ], [ 9.19382951768044, 45.515377462532634 ], [ 9.19382900556541, 45.515377463400078 ], [ 9.19382849314192, 45.515377374258641 ], [ 9.193828109055652, 45.515377374909235 ], [ 9.193827596940627, 45.515377375776694 ], [ 9.193827212545889, 45.515377286418385 ], [ 9.193826572402108, 45.515377287502702 ], [ 9.193826188315839, 45.515377288153267 ], [ 9.19382580422957, 45.515377288803862 ], [ 9.19382529211455, 45.515377289671306 ], [ 9.193824779999524, 45.515377290538744 ], [ 9.1938242678845, 45.515377291406175 ], [ 9.193823883798229, 45.515377292056748 ], [ 9.193823371991659, 45.515377382933089 ], [ 9.193822987905389, 45.515377383583676 ], [ 9.193822347761612, 45.515377384667957 ], [ 9.193821963983799, 45.515377475327412 ], [ 9.193821579897525, 45.515377475977992 ], [ 9.193821068090958, 45.515377566854312 ], [ 9.193820556284381, 45.515377657730625 ], [ 9.193820044169355, 45.515377658598048 ], [ 9.193819660391535, 45.515377749257517 ], [ 9.193819276613716, 45.515377839916972 ], [ 9.193818764807142, 45.515377930793271 ], [ 9.193818253000563, 45.515378021669576 ], [ 9.193817869222739, 45.515378112329053 ], [ 9.193817485444914, 45.515378202988479 ], [ 9.193816973638326, 45.515378293864778 ], [ 9.193816461831744, 45.515378384741098 ], [ 9.19381607836236, 45.515378565409435 ], [ 9.193815694584533, 45.515378656068883 ], [ 9.193815182777943, 45.515378746945181 ], [ 9.193814799308553, 45.515378927613526 ], [ 9.193814415530719, 45.515379018272952 ], [ 9.19381390403257, 45.515379199158168 ], [ 9.193813392225969, 45.515379290034453 ], [ 9.193813136785332, 45.515379470485918 ], [ 9.193812753315935, 45.515379651154255 ], [ 9.193812241817774, 45.515379832039443 ], [ 9.193811858039927, 45.515379922698884 ], [ 9.19381147457052, 45.515380103367193 ], [ 9.193810963072348, 45.515380284252359 ], [ 9.193810707631705, 45.515380464703867 ], [ 9.193810324162285, 45.515380645372169 ], [ 9.193809812972544, 45.515380916266245 ], [ 9.193809557531893, 45.515381096717725 ], [ 9.193809174062475, 45.515381277386041 ], [ 9.193808790593044, 45.51538145805435 ], [ 9.193808407123619, 45.515381638722673 ], [ 9.193808023962628, 45.515381909399885 ], [ 9.193807640493196, 45.515382090068215 ], [ 9.193807257332194, 45.515382360745413 ], [ 9.193807001891525, 45.515382541196885 ], [ 9.193806746759288, 45.515382811657268 ], [ 9.193806235261079, 45.515382992542428 ], [ 9.193805980128836, 45.515383263002782 ], [ 9.193805596967819, 45.515383533679994 ], [ 9.19380534152714, 45.515383714131474 ], [ 9.193804958366115, 45.515383984808665 ], [ 9.193804831262632, 45.515384255052211 ], [ 9.193804448101606, 45.515384525729409 ], [ 9.193804192969347, 45.515384796189764 ], [ 9.193803809808314, 45.515385066866962 ], [ 9.193803682704825, 45.515385337110501 ], [ 9.193803299543781, 45.515385607787671 ], [ 9.19380317244029, 45.515385878031211 ], [ 9.193802789279244, 45.515386148708409 ], [ 9.19380253414697, 45.51538641916877 ], [ 9.193802407043471, 45.515386689412303 ], [ 9.193802023882414, 45.515386960089486 ], [ 9.193801897087335, 45.515387320341908 ], [ 9.193801641955057, 45.51538759080227 ], [ 9.193703688143913, 45.515533841943608 ], [ 9.193728035256841, 45.515540101385938 ] ] ] ] } },
{ "type": "Feature", "properties": { "id_amat": 1097, "tipo": "AP", "nome": "Eugenio Quarti", "gruppo_id": "0", "ordinanza": "173/2020 (delimitazione di area pedonale in via quarti eugenio)", "deroghe": "sara' consentito\nil transito e la sosta:\n-  ai mezzi di soccorso, di emergenza e di polizia;\n-  ai veicoli di supporto  a manifestazioni ed eventi  e a servizi essenziali,  previa autorizzazione del competente Comando di Polizia Locale;\n-  ai veicoli ad", "val_inizio": null, "val_fine": null, "delibera": null, "tratto": "dal civico 2 a fine via", "note": null, "cartello": "AP", "dissuasori": null, "name": "Municipio 7", "ANNO": 2020, "area": 1013.158 }, "geometry": { "type": "MultiPolygon", "coordinates": [ [ [ [ 9.091548966898879, 45.470448193824986 ], [ 9.092003089794279, 45.470514437787529 ], [ 9.092790291499229, 45.470630276447302 ], [ 9.092790291793557, 45.470630456467291 ], [ 9.092790291793557, 45.470630456467291 ], [ 9.092790419721529, 45.470630456363743 ], [ 9.092799566366438, 45.470591204547347 ], [ 9.092800836961729, 45.470585892921655 ], [ 9.092800836961729, 45.470585892921655 ], [ 9.09281226921752, 45.470536198079522 ], [ 9.092812141142563, 45.470536108173093 ], [ 9.092812141289761, 45.47053619818309 ], [ 9.09260792026422, 45.470506750002976 ], [ 9.092445671295058, 45.470484378420075 ], [ 9.09221969462188, 45.470449816509607 ], [ 9.091908499859656, 45.470403801204249 ], [ 9.091640045112577, 45.470365041716065 ], [ 9.091636206419347, 45.470364504723591 ], [ 9.091548966898879, 45.470448193824986 ] ] ] ] } },
{ "type": "Feature", "properties": { "id_amat": 1098, "tipo": "AP", "nome": "Varese", "gruppo_id": "0", "ordinanza": "709/2020 (nuovi provvedimenti viabilistici ? occupazioni straordinarie covid-19 via Volta, Largo La Foppa)", "deroghe": "non indicato", "val_inizio": null, "val_fine": null, "delibera": null, "tratto": "da lgo La Foppa al civico 4", "note": "temporanea", "cartello": "AP", "dissuasori": null, "name": "Municipio 1", "ANNO": 2020, "area": 254.053 }, "geometry": { "type": "MultiPolygon", "coordinates": [ [ [ [ 9.184454388872602, 45.478644964414237 ], [ 9.184444796775947, 45.478724728733461 ], [ 9.18447030870774, 45.478740259341009 ], [ 9.184470309294088, 45.478740439360074 ], [ 9.184470182227782, 45.478740709594881 ], [ 9.184470054868303, 45.478740889820187 ], [ 9.184470055454646, 45.478741069839216 ], [ 9.184470056040993, 45.478741249858274 ], [ 9.18446992868151, 45.478741430083581 ], [ 9.184469801322027, 45.478741610308873 ], [ 9.184469673962544, 45.47874179053418 ], [ 9.184469546603056, 45.478741970759465 ], [ 9.184469547189405, 45.478742150778508 ], [ 9.18446942012309, 45.478742421013337 ], [ 9.184469292763602, 45.478742601238643 ], [ 9.184469037458282, 45.478742781670185 ], [ 9.18446891009879, 45.478742961895456 ], [ 9.184468910685132, 45.478743141914521 ], [ 9.184468783325643, 45.478743322139813 ], [ 9.184468528020316, 45.478743502571362 ], [ 9.184468400660826, 45.478743682796654 ], [ 9.184468273008159, 45.478743773012425 ], [ 9.184468145648667, 45.478743953237718 ], [ 9.18446801828917, 45.478744133463003 ], [ 9.184467762983836, 45.478744313894538 ], [ 9.184467763570176, 45.478744493913588 ], [ 9.18446750826484, 45.47874467434513 ], [ 9.184467252666336, 45.478744764767143 ], [ 9.184467125306835, 45.478744944992464 ], [ 9.184466997947331, 45.478745125217728 ], [ 9.184466742641995, 45.478745305649269 ], [ 9.18446648704348, 45.478745396071282 ], [ 9.184466359683979, 45.478745576296575 ], [ 9.184466232324475, 45.478745756521882 ], [ 9.184465976725964, 45.478745846943895 ], [ 9.184465849366456, 45.478746027169173 ], [ 9.184465593767944, 45.478746117591179 ], [ 9.184465338462591, 45.478746298022706 ], [ 9.184465210809915, 45.478746388238477 ], [ 9.184464955504568, 45.478746568670012 ], [ 9.184464699906048, 45.478746659092018 ], [ 9.184464444600689, 45.478746839523552 ], [ 9.184464189002169, 45.478746929945558 ], [ 9.184464061349489, 45.478747020161322 ], [ 9.184463806044128, 45.478747200592849 ], [ 9.184463550445606, 45.478747291014841 ], [ 9.184463294847079, 45.478747381436854 ], [ 9.18446303954172, 45.478747561868381 ], [ 9.184462911889037, 45.478747652084138 ], [ 9.184462656290513, 45.478747742506151 ], [ 9.184462272746144, 45.478747833134399 ], [ 9.184462145093457, 45.478747923350149 ], [ 9.184461761549082, 45.478748013978382 ], [ 9.184461633896401, 45.47874810419416 ], [ 9.184461250352019, 45.478748194822387 ], [ 9.184461122699332, 45.478748285038137 ], [ 9.184460867100803, 45.47874837546015 ], [ 9.184460867100803, 45.47874837546015 ], [ 9.184460867100803, 45.47874837546015 ], [ 9.184460739154954, 45.478748375666385 ], [ 9.184460483556419, 45.478748466088376 ], [ 9.184460483556419, 45.478748466088376 ], [ 9.184460355903731, 45.478748556304147 ], [ 9.184460100012037, 45.478748556716617 ], [ 9.184459972359351, 45.47874864693236 ], [ 9.184459844413503, 45.478748647138609 ], [ 9.184459716760815, 45.47874873735438 ], [ 9.184459588814967, 45.478748737560608 ], [ 9.184459332923272, 45.478748737973071 ], [ 9.184459333216431, 45.478748827982614 ], [ 9.184459205270588, 45.478748828188856 ], [ 9.18445894937889, 45.478748828601304 ], [ 9.184458821726198, 45.478748918817068 ], [ 9.184458693780353, 45.478748919023289 ], [ 9.184458565834504, 45.478748919229524 ], [ 9.184458310235962, 45.478749009651523 ], [ 9.184458182290117, 45.478749009857758 ], [ 9.184458054344269, 45.478749010063993 ], [ 9.184457926398419, 45.478749010270221 ], [ 9.184457798452575, 45.478749010476463 ], [ 9.184457542560878, 45.478749010888912 ], [ 9.18445754285403, 45.478749100898447 ], [ 9.184457286962337, 45.478749101310932 ], [ 9.184457159016489, 45.478749101517167 ], [ 9.18445690312479, 45.478749101929601 ], [ 9.18445690312479, 45.478749101929601 ], [ 9.184456647233098, 45.478749102342086 ], [ 9.184456519287249, 45.478749102548313 ], [ 9.184456263395553, 45.478749102960776 ], [ 9.184456263395553, 45.478749102960776 ], [ 9.18445600750386, 45.478749103373232 ], [ 9.184455879264863, 45.478749013569946 ], [ 9.184455623373166, 45.478749013982387 ], [ 9.184455239535625, 45.478749014601092 ], [ 9.184454727459084, 45.478748925416497 ], [ 9.184454343328396, 45.478748836025652 ], [ 9.184453831251854, 45.478748746841035 ], [ 9.18445331917532, 45.478748657656425 ], [ 9.184452807098786, 45.478748568471808 ], [ 9.184452422968103, 45.478748479080963 ], [ 9.184451782945725, 45.478748390102574 ], [ 9.184451142630207, 45.478748211114656 ], [ 9.184450502607836, 45.47874812213626 ], [ 9.184454473912581, 45.478749645905154 ], [ 9.184458061673132, 45.478751260302118 ], [ 9.184461905618765, 45.478752964296021 ], [ 9.184465621618768, 45.478754668496045 ], [ 9.184469337912164, 45.478756462705455 ], [ 9.184472926259932, 45.478758257121008 ], [ 9.184476514901112, 45.478760141545976 ], [ 9.184479975596657, 45.478762026177073 ], [ 9.184483436585618, 45.478764000817577 ], [ 9.184486897574827, 45.478765975458003 ], [ 9.184490230618389, 45.478767950304594 ], [ 9.184493691901286, 45.478770014954314 ], [ 9.184496897585857, 45.478772170026048 ], [ 9.18450010327067, 45.478774325097653 ], [ 9.184503308955726, 45.478776480169167 ], [ 9.184506386988346, 45.478778725456415 ], [ 9.184509465021211, 45.478780970743585 ], [ 9.184512415401633, 45.478783306246449 ], [ 9.184515365782305, 45.47878564174929 ], [ 9.184518316163221, 45.478787977252026 ], [ 9.184521138891689, 45.478790402970532 ], [ 9.184523833674458, 45.478792828895251 ], [ 9.184526656696672, 45.478795344623123 ], [ 9.184529223827225, 45.478797860763549 ], [ 9.184531790958008, 45.478800376903926 ], [ 9.184523184560451, 45.478789949622005 ], [ 9.184523807867604, 45.478784908057115 ], [ 9.184536515801717, 45.478679755888116 ], [ 9.18453900608737, 45.478658689532629 ], [ 9.184539380539238, 45.478655808608835 ], [ 9.184553684639548, 45.47864786466134 ], [ 9.184554060850436, 45.478645523794647 ], [ 9.184559942595511, 45.478605099819156 ], [ 9.184568579586003, 45.478546399369208 ], [ 9.18457258466465, 45.478519029869297 ], [ 9.184585860260917, 45.47843106868477 ], [ 9.184585572688393, 45.478421348068359 ], [ 9.184584037640482, 45.478421440554371 ], [ 9.184583142318097, 45.478421532008511 ], [ 9.184582119050605, 45.478421623669028 ], [ 9.184580967544653, 45.47842162552638 ], [ 9.184580071928909, 45.478421626970956 ], [ 9.184579048661412, 45.478421718631431 ], [ 9.184577897155458, 45.478421720488733 ], [ 9.184577001246375, 45.478421631923752 ], [ 9.18457597768553, 45.478421633574676 ], [ 9.184574954124679, 45.478421635225587 ], [ 9.184573802325396, 45.478421547073332 ], [ 9.184572906416321, 45.478421458508315 ], [ 9.184571882855476, 45.478421460159183 ], [ 9.184570731056198, 45.478421372006899 ], [ 9.184569834853805, 45.478421193432339 ], [ 9.18456881099964, 45.478421105073693 ], [ 9.18456778714547, 45.478421016714982 ], [ 9.18456676299799, 45.478420838346771 ], [ 9.184565867088942, 45.478420749781726 ], [ 9.184564714996363, 45.478420571619843 ], [ 9.184563818793999, 45.478420393045219 ], [ 9.18456279464654, 45.478420214676973 ], [ 9.184561770499087, 45.478420036308698 ], [ 9.184560874003424, 45.478419767724553 ], [ 9.184559849855985, 45.47841958935625 ], [ 9.184558825415239, 45.478419320978446 ], [ 9.184557928919606, 45.478419052394266 ], [ 9.184556904478876, 45.478418784016419 ], [ 9.184556007983263, 45.478418515432239 ], [ 9.184555111487654, 45.47841824684803 ], [ 9.18455408704696, 45.478417978470169 ], [ 9.184553318496462, 45.478417709679618 ], [ 9.184552293762479, 45.478417351292194 ], [ 9.184551397266905, 45.478417082707963 ], [ 9.184550500478046, 45.478416724114226 ], [ 9.184549603689192, 45.478416365520445 ], [ 9.184548706900353, 45.478416006926658 ], [ 9.184547810111519, 45.47841564833287 ], [ 9.184546913029413, 45.478415199729554 ], [ 9.184546016240606, 45.478414841135731 ], [ 9.184545247396903, 45.478414482335616 ], [ 9.184544350314836, 45.478414033732271 ], [ 9.184543581177865, 45.478413584922578 ], [ 9.18454281233419, 45.478413226122434 ], [ 9.184541915252156, 45.478412777519068 ], [ 9.184541146115228, 45.478412328709382 ], [ 9.184540376685025, 45.478411789890146 ], [ 9.184539607548118, 45.478411341080445 ], [ 9.184538838411219, 45.478410892270716 ], [ 9.184538068981061, 45.478410353451494 ], [ 9.184537299844191, 45.478409904641779 ], [ 9.184536658359134, 45.478409365616194 ], [ 9.184535888929013, 45.478408826796937 ], [ 9.184535247737259, 45.478408377780873 ], [ 9.184534606252242, 45.478407838755274 ], [ 9.184533836822162, 45.478407299936009 ], [ 9.184533195043899, 45.478406670900881 ], [ 9.184532553558917, 45.478406131875268 ], [ 9.184531912073952, 45.478405592849668 ], [ 9.184531270295732, 45.478404963814533 ], [ 9.184530628810791, 45.478404424788941 ], [ 9.18453011497766, 45.478403795547472 ], [ 9.184529473492743, 45.478403256521858 ], [ 9.184528959659637, 45.478402627280389 ], [ 9.184528445826544, 45.478401998038933 ], [ 9.184527931993465, 45.478401368797471 ], [ 9.184527290508594, 45.478400829771822 ], [ 9.184526776675535, 45.478400200530359 ], [ 9.184526390494282, 45.478399481073048 ], [ 9.184525876661246, 45.478398851831571 ], [ 9.184525490773273, 45.478398222383788 ], [ 9.18452497694026, 45.478397593142304 ], [ 9.184524591052305, 45.478396963694507 ], [ 9.184524204871103, 45.478396244237182 ], [ 9.18452381898317, 45.478395614789385 ], [ 9.184523432801985, 45.478394895332073 ], [ 9.184523174859111, 45.478394265677984 ], [ 9.184522788677945, 45.478393546220644 ], [ 9.184522530735091, 45.47839291656652 ], [ 9.18452214455394, 45.478392197109216 ], [ 9.184521886317842, 45.478391477445562 ], [ 9.184521628375, 45.478390847791459 ], [ 9.184521242193881, 45.478390128334134 ], [ 9.184496297771794, 45.478548766175948 ], [ 9.184464732491145, 45.478560248331661 ], [ 9.184458999735178, 45.478607152782395 ], [ 9.184454388872602, 45.478644964414237 ] ] ] ] } },
{ "type": "Feature", "properties": { "id_amat": 1099, "tipo": "AP", "nome": "Molino delle Armi", "gruppo_id": "0", "ordinanza": "810/2020 (Interventi in via Molino delle Armi a seguito di Delimitazione di Area Pedonale straordinaria e temporanea)", "deroghe": "di consentire nell'area pedonale di cui sopra, in deroga ai divieti: \n \nIl transito e la sosta: ? ai mezzi di soccorso, di emergenza e di polizia; ? ai veicoli di supporto a manifestazioni, ad eventi e a servizi essenziali, previa autorizzazione del comp", "val_inizio": null, "val_fine": null, "delibera": null, "tratto": "tra pzza Vetra e via Wittgens", "note": "temporanea", "cartello": "AP", "dissuasori": null, "name": "Municipio 1", "ANNO": 2020, "area": 173.182 }, "geometry": { "type": "MultiPolygon", "coordinates": [ [ [ [ 9.183550960629827, 45.456888078386065 ], [ 9.183546237790161, 45.456890966292207 ], [ 9.183500227427585, 45.456901031227972 ], [ 9.183148120833675, 45.456978374116346 ], [ 9.183132144808237, 45.456981820076791 ], [ 9.183123196116053, 45.456983094541769 ], [ 9.183119633096975, 45.457028285434504 ], [ 9.183137404052825, 45.457026186758462 ], [ 9.183152740606889, 45.457022741820765 ], [ 9.183576671682198, 45.456928721818478 ], [ 9.183551088526235, 45.456888078180938 ], [ 9.183550960629827, 45.456888078386065 ] ] ] ] } },
{ "type": "Feature", "properties": { "id_amat": 1100, "tipo": "AP", "nome": "Santa Tecla", "gruppo_id": "0", "ordinanza": "744/2020 (Delimitazione di Area Pedonale straordinaria e temporanea)", "deroghe": "Il transito e la sosta: ? ai mezzi di soccorso, di emergenza e di polizia; ? ai veicoli di supporto a manifestazioni, ad eventi e a servizi essenziali, previa autorizzazione del competente Comando di zona della Polizia Locale; ? ai veicoli adibiti alla p", "val_inizio": null, "val_fine": null, "delibera": null, "tratto": null, "note": "temporanea", "cartello": "AP", "dissuasori": null, "name": "Municipio 1", "ANNO": 2020, "area": 496.944 }, "geometry": { "type": "MultiPolygon", "coordinates": [ [ [ [ 9.193573628992425, 45.462696039051522 ], [ 9.193575677081348, 45.462696485638006 ], [ 9.19358392383587, 45.462639315176339 ], [ 9.193566144438153, 45.462639345253962 ], [ 9.192652772292039, 45.462649257647747 ], [ 9.192594831184945, 45.46264989524645 ], [ 9.192532025544526, 45.46264937086756 ], [ 9.192512704808189, 45.462647513159318 ], [ 9.192704559452407, 45.462719648472422 ], [ 9.192736878617454, 45.46270726263495 ], [ 9.19273687831129, 45.462707172625201 ], [ 9.192738411388239, 45.462706629981419 ], [ 9.193573628992425, 45.462696039051522 ] ] ] ] } },
{ "type": "Feature", "properties": { "id_amat": 1101, "tipo": "AP", "nome": "Giovine Italia", "gruppo_id": "0", "ordinanza": "735/2020 (Delimitazione di Area Pedonale straordinaria e temporanea)", "deroghe": null, "val_inizio": null, "val_fine": null, "delibera": null, "tratto": "porzione della piazza chiusa dopo via Sebeto", "note": "temporanea", "cartello": "AP", "dissuasori": null, "name": "Municipio 1", "ANNO": 2020, "area": 355.299 }, "geometry": { "type": "MultiPolygon", "coordinates": [ [ [ [ 9.169181852693125, 45.467986433922071 ], [ 9.169287971003435, 45.467881685198897 ], [ 9.169281070509761, 45.467884125679646 ], [ 9.169274040211976, 45.467885936280787 ], [ 9.16926649715276, 45.46788738759912 ], [ 9.169259081207979, 45.467888568698491 ], [ 9.169253198437573, 45.467889117458974 ], [ 9.169247314322874, 45.467889216170299 ], [ 9.169241556785412, 45.467888864643335 ], [ 9.169235670789007, 45.467888333285678 ], [ 9.169229911907667, 45.467887531709266 ], [ 9.169223896646145, 45.467886550491258 ], [ 9.169218008768626, 45.4678853890643 ], [ 9.169212247737605, 45.46788386740883 ], [ 9.169206614090719, 45.467882165544403 ], [ 9.169201107828011, 45.46788028347104 ], [ 9.169196624936529, 45.467878399884583 ], [ 9.16919239735055, 45.467876335900215 ], [ 9.169188168958666, 45.467874001886358 ], [ 9.169184324331153, 45.467871667305097 ], [ 9.169180607087842, 45.467869152515078 ], [ 9.169118828657346, 45.467828919260299 ], [ 9.169077816512106, 45.467803056923927 ], [ 9.169074868953604, 45.467801261074769 ], [ 9.16907192085818, 45.467799285205992 ], [ 9.169069483910555, 45.467797128561742 ], [ 9.169067174615741, 45.46779488171871 ], [ 9.169065248547517, 45.46779245428921 ], [ 9.169062806766725, 45.467788677468903 ], [ 9.169061132244595, 45.467784809505055 ], [ 9.169058038774759, 45.467776983189601 ], [ 9.16905623606366, 45.467773025404831 ], [ 9.169054305431697, 45.467769067809002 ], [ 9.169045558732439, 45.467752968907448 ], [ 9.16904375709702, 45.467749371161574 ], [ 9.169040409400466, 45.467742085282097 ], [ 9.169038479844682, 45.467738487725079 ], [ 9.169036294447075, 45.467734890545842 ], [ 9.169035009598332, 45.467733002229807 ], [ 9.169033340986608, 45.467731114480564 ], [ 9.169031672911968, 45.467729406750792 ], [ 9.169029748995399, 45.467727699398871 ], [ 9.169027697426412, 45.467726082245591 ], [ 9.169021672520483, 45.46772186066503 ], [ 9.169015647615456, 45.46771763908415 ], [ 9.169009367406264, 45.467713597900307 ], [ 9.169002959545434, 45.46770964691472 ], [ 9.168996296111999, 45.467705786316351 ], [ 9.168993349903301, 45.467704440513906 ], [ 9.168990531884134, 45.467703184532311 ], [ 9.168987458560004, 45.467702108947925 ], [ 9.168984385772823, 45.467701213382988 ], [ 9.1689811856016, 45.467700498026403 ], [ 9.168975938158386, 45.467699605671896 ], [ 9.168970563062768, 45.467698803515766 ], [ 9.168965188772461, 45.46769827138872 ], [ 9.168959815019006, 45.46769791928098 ], [ 9.168932051879406, 45.467696520099153 ], [ 9.168920921683709, 45.467696176485752 ], [ 9.168909793366211, 45.467696462939699 ], [ 9.168898667731384, 45.467697649490319 ], [ 9.168891124687564, 45.467699100783896 ], [ 9.168883967284017, 45.467701181579159 ], [ 9.168877451094218, 45.467703801488881 ], [ 9.168871448733569, 45.467707140721465 ], [ 9.168866088122927, 45.467711199088285 ], [ 9.168861624299542, 45.467715706182645 ], [ 9.168858440758315, 45.46772057142865 ], [ 9.168856153200064, 45.467725615373091 ], [ 9.168854505782946, 45.4677308383934 ], [ 9.168853370586085, 45.467736240678377 ], [ 9.168852869630152, 45.46773984182424 ], [ 9.168853136200484, 45.467743441837797 ], [ 9.168853914455097, 45.467747041096473 ], [ 9.168855204125883, 45.467750549590463 ], [ 9.16885687729185, 45.467753967508479 ], [ 9.16885906187415, 45.467757294661837 ], [ 9.168861757336421, 45.467760351030883 ], [ 9.168864708104728, 45.467763227002862 ], [ 9.168867786526217, 45.467766012776245 ], [ 9.168871248443104, 45.467768707973562 ], [ 9.168875735875199, 45.467772121739017 ], [ 9.168880478613593, 45.467775355107229 ], [ 9.168885348737142, 45.467778408266945 ], [ 9.168890218861218, 45.467781461426455 ], [ 9.168895344559843, 45.467784424198442 ], [ 9.169172063472452, 45.467963945849966 ], [ 9.169173986595215, 45.467965383170124 ], [ 9.169175909986794, 45.467966910499989 ], [ 9.169177577804083, 45.467968528217789 ], [ 9.169178862394224, 45.467970326522334 ], [ 9.169179891410034, 45.467972215214793 ], [ 9.169180794116723, 45.467974644154985 ], [ 9.169181440980326, 45.467977073473314 ], [ 9.16918183226954, 45.467979593179614 ], [ 9.169181967715611, 45.467982113264064 ], [ 9.169181847318498, 45.467984633726687 ], [ 9.169181852693125, 45.467986433922071 ] ] ] ] } },
{ "type": "Feature", "properties": { "id_amat": 1105, "tipo": "AP", "nome": "De Nora", "gruppo_id": "0", "ordinanza": "2311/2021 (ISTITUZIONE DI AREA PEDONALE URBANA)", "deroghe": "mezzi di soccorso, di emergenza e di polizia;  veicoli di supporto a manifestazioni, ad eventi e a servizi essenziali; pulizia e manutenzione stradale", "val_inizio": null, "val_fine": null, "delibera": null, "tratto": null, "note": null, "cartello": null, "dissuasori": "sbarra apribile e new jersey", "name": "Municipio 3", "ANNO": 2021, "area": 2209.474 }, "geometry": { "type": "MultiPolygon", "coordinates": [ [ [ [ 9.241787108553261, 45.474717778651531 ], [ 9.242339054282528, 45.474842894751617 ], [ 9.242705951256516, 45.474925826211859 ], [ 9.242727337524524, 45.474930641375501 ], [ 9.242866026968649, 45.474961580483502 ], [ 9.243834825043885, 45.47518157422558 ], [ 9.244007453238348, 45.475220360479298 ], [ 9.244056138094345, 45.475117465126495 ], [ 9.243645443193863, 45.475025270259074 ], [ 9.243313375494502, 45.474949828581842 ], [ 9.243189154667691, 45.474921649568827 ], [ 9.243126916363867, 45.474907560283462 ], [ 9.242988224206888, 45.474875991427233 ], [ 9.242935462191481, 45.474863952138136 ], [ 9.242799972133888, 45.474833186342934 ], [ 9.242726848619277, 45.474816599662425 ], [ 9.242446138233708, 45.474753287838631 ], [ 9.242135205895499, 45.474683108527614 ], [ 9.242095250554877, 45.474674012072093 ], [ 9.242041851544657, 45.474662513778398 ], [ 9.241798659062992, 45.474606411783135 ], [ 9.241787108553261, 45.474717778651531 ] ] ] ] } },
{ "type": "Feature", "properties": { "id_amat": 1106, "tipo": "AP", "nome": "Alzaia Naviglio Pavese", "gruppo_id": "0", "ordinanza": "959/2022 (Disciplina viabilistica dell'Area Pedonale in Alzaia Naviglio Pavese)", "deroghe": "mezzi di emergenza, invalidi, velocipedi, veicoli a emissione zero assimilabili ai velocipedi, veicoli diretti alle proprietà private (per 160 m da via Don Rodrigo)", "val_inizio": "2022-09-08 00:00:00+02", "val_fine": null, "delibera": null, "tratto": "da via Don Rodrigo al carraio del civico 256 escluso e dal carraio del civico 288 a via Gattinara", "note": null, "cartello": null, "dissuasori": "fissi e mobili", "name": "Municipio 5", "ANNO": 2022, "area": 13000.53 }, "geometry": { "type": "MultiPolygon", "coordinates": [ [ [ [ 9.167386733537617, 45.422673634739276 ], [ 9.167385834555683, 45.422672195879898 ], [ 9.167305283293283, 45.422533696894547 ], [ 9.167155341642253, 45.422270094066384 ], [ 9.166959287914715, 45.421929418968091 ], [ 9.166799335847456, 45.421650888437732 ], [ 9.166681774346234, 45.421443674589646 ], [ 9.166563451565301, 45.421238081917203 ], [ 9.166443860199646, 45.421035461319633 ], [ 9.166314485327192, 45.420808821892955 ], [ 9.166164818776863, 45.420548727710994 ], [ 9.16603070543694, 45.420318134342281 ], [ 9.165937958561257, 45.420159129535833 ], [ 9.165822463054397, 45.419956952365787 ], [ 9.165698372081934, 45.419743536149703 ], [ 9.165569771340307, 45.419517344762269 ], [ 9.165450681370151, 45.419308871627699 ], [ 9.165291271119958, 45.419035738731047 ], [ 9.165120807091144, 45.418740748886556 ], [ 9.16498335752941, 45.418502688119425 ], [ 9.164774747449306, 45.41814231474671 ], [ 9.164632282333768, 45.417892559327996 ], [ 9.164509608098871, 45.41767976978231 ], [ 9.16435315672077, 45.417410141673429 ], [ 9.164194391734288, 45.417135476042191 ], [ 9.164042567014858, 45.41687367179977 ], [ 9.163889711642572, 45.416608538413094 ], [ 9.163723887621357, 45.416322000747037 ], [ 9.163608031979321, 45.416122432035934 ], [ 9.163486785539577, 45.415914589889368 ], [ 9.16335603280317, 45.415689479063694 ], [ 9.163234775278497, 45.415477136099881 ], [ 9.163087971157315, 45.415224864518521 ], [ 9.162875532609778, 45.414858012133067 ], [ 9.162806818549782, 45.414739475384927 ], [ 9.162666173063986, 45.414494305338643 ], [ 9.162590410491624, 45.414368667599554 ], [ 9.162505770785289, 45.414222339877512 ], [ 9.162471331790634, 45.414156500703221 ], [ 9.162464392726783, 45.414143278933153 ], [ 9.16238589687986, 45.414178764652569 ], [ 9.162474529191456, 45.414335978129913 ], [ 9.162524497102133, 45.414424478027684 ], [ 9.162541967150011, 45.414455597030624 ], [ 9.162545435034833, 45.414461622843739 ], [ 9.162573050854618, 45.41451000954747 ], [ 9.162619677168218, 45.414591853332325 ], [ 9.16264011124043, 45.414631519154064 ], [ 9.162654624453689, 45.414656521591468 ], [ 9.162706255895204, 45.414745559106798 ], [ 9.162721925055296, 45.414772540134095 ], [ 9.162810189248427, 45.414934434430236 ], [ 9.162848326849003, 45.414997297868119 ], [ 9.162883890652621, 45.415009398749497 ], [ 9.16288697546009, 45.415015515107783 ], [ 9.162872676355011, 45.415020666083088 ], [ 9.162925590368852, 45.415111051833591 ], [ 9.162974337620421, 45.415174530201853 ], [ 9.163013548380714, 45.4152549441989 ], [ 9.163017379096893, 45.415253768600124 ], [ 9.163020954207862, 45.41525259336526 ], [ 9.163027764701676, 45.415265455238057 ], [ 9.163023805148544, 45.415266270976659 ], [ 9.16301958999018, 45.415267087079194 ], [ 9.163022032712115, 45.415272124216102 ], [ 9.163065428008023, 45.41534101082614 ], [ 9.163094495265732, 45.415404967231126 ], [ 9.163145370058944, 45.415497065988326 ], [ 9.163167846314924, 45.415535558655598 ], [ 9.163176057278692, 45.415546528291571 ], [ 9.163219150529093, 45.415599123280529 ], [ 9.163224793800429, 45.415606046079667 ], [ 9.16322762100042, 45.415611442707551 ], [ 9.163245739100962, 45.415645441024019 ], [ 9.163247666763489, 45.415649128725413 ], [ 9.163275631783787, 45.415729648675494 ], [ 9.163906041121443, 45.416819590770729 ], [ 9.164539557822085, 45.417914925369317 ], [ 9.164775918429642, 45.418325575360804 ], [ 9.165062626494601, 45.418819502371079 ], [ 9.165236943397982, 45.419120877512754 ], [ 9.165404024698908, 45.419394809494193 ], [ 9.165409173892616, 45.419407403583634 ], [ 9.16545050666644, 45.419468191234429 ], [ 9.165456668403978, 45.419477363442454 ], [ 9.165463343490718, 45.419487254995467 ], [ 9.165504848282469, 45.419563164213621 ], [ 9.165501445114417, 45.419579551124151 ], [ 9.165514539442949, 45.419599244583253 ], [ 9.165557086049551, 45.419681723072266 ], [ 9.16557364186173, 45.419705011954434 ], [ 9.16560867859493, 45.419754287253689 ], [ 9.165620496187273, 45.419774432601997 ], [ 9.165656974144422, 45.419835767264665 ], [ 9.165667651174743, 45.419859244662895 ], [ 9.165713440826337, 45.419957920362407 ], [ 9.16573487681131, 45.419989123115705 ], [ 9.165778007633374, 45.420052608365893 ], [ 9.165789614939202, 45.420088235879113 ], [ 9.165797944065734, 45.420139260007439 ], [ 9.166041781755295, 45.420521722971479 ], [ 9.166091604458252, 45.420600500244824 ], [ 9.166104692117003, 45.420617763347707 ], [ 9.166134614128261, 45.420665965769473 ], [ 9.166150332145939, 45.420708518115724 ], [ 9.166163578754638, 45.42073640226856 ], [ 9.166173713548275, 45.420749169104333 ], [ 9.166186413078133, 45.420764812564478 ], [ 9.166228011481408, 45.420828389872085 ], [ 9.16624651597688, 45.420862207098537 ], [ 9.166259494647207, 45.420885861115885 ], [ 9.166290171430564, 45.420929831885474 ], [ 9.166303694888278, 45.420964916491542 ], [ 9.166313096883497, 45.420989295786512 ], [ 9.166321955183921, 45.42100260452888 ], [ 9.166329400396437, 45.421013485029519 ], [ 9.166363625801647, 45.421047099366938 ], [ 9.166380190524768, 45.421073178451863 ], [ 9.166410514667477, 45.42112759096554 ], [ 9.166428110407701, 45.421156548893109 ], [ 9.166487448827013, 45.421254484470722 ], [ 9.166492118849778, 45.421277880512861 ], [ 9.166509718375256, 45.421308098574258 ], [ 9.166522555446223, 45.421326982187928 ], [ 9.166541559397693, 45.421356658135416 ], [ 9.166616335020979, 45.42148823525644 ], [ 9.166634705806159, 45.421519892349103 ], [ 9.16666822215242, 45.42157303998998 ], [ 9.166690052507521, 45.421607572384204 ], [ 9.166717128141773, 45.421643717329992 ], [ 9.166725868869865, 45.421660446624898 ], [ 9.166749648017005, 45.421705687465277 ], [ 9.166773956983924, 45.421757228291163 ], [ 9.166784246364351, 45.421778995934929 ], [ 9.166797506233211, 45.421811200512735 ], [ 9.166841274731619, 45.421916809510762 ], [ 9.166921912354907, 45.422041897089336 ], [ 9.166989575826261, 45.422144950870056 ], [ 9.166990833970676, 45.42218158346698 ], [ 9.167017696548992, 45.422232040380202 ], [ 9.167041824923091, 45.422265489219143 ], [ 9.167063409939699, 45.422303352298798 ], [ 9.167293627065742, 45.422698793893261 ], [ 9.167386733537617, 45.422673634739276 ] ] ], [ [ [ 9.173544174749809, 45.433366477552291 ], [ 9.173540823289445, 45.433357481562908 ], [ 9.173526141504155, 45.433322309635344 ], [ 9.173514427934423, 45.433296224287766 ], [ 9.173500147328125, 45.43326681243402 ], [ 9.173476609467984, 45.433220222563982 ], [ 9.17344432879681, 45.433157444009687 ], [ 9.173375178815231, 45.433036304348384 ], [ 9.173344191087429, 45.432978204362541 ], [ 9.173352874198491, 45.432974860813886 ], [ 9.173295801738796, 45.432873325143511 ], [ 9.173227199244606, 45.432763795940915 ], [ 9.173218001767495, 45.432766150140729 ], [ 9.173216469037778, 45.43276660251415 ], [ 9.173216341195792, 45.432766602707623 ], [ 9.173207654810923, 45.432768866122331 ], [ 9.173207654536123, 45.432768776112013 ], [ 9.173205854580754, 45.432765448439348 ], [ 9.173203926508826, 45.432762030949839 ], [ 9.173201998711923, 45.432758703470569 ], [ 9.173200070915248, 45.43275537599127 ], [ 9.173198785351211, 45.432753037657974 ], [ 9.173184902035699, 45.432728035686274 ], [ 9.173184387920474, 45.432727136357016 ], [ 9.173183616747673, 45.432725787363111 ], [ 9.173182460125913, 45.432723808877391 ], [ 9.173181688128924, 45.432722189852555 ], [ 9.173180660173465, 45.432720481204292 ], [ 9.173179889000835, 45.432719132210359 ], [ 9.173178732104592, 45.4327170637143 ], [ 9.173177703874558, 45.43271526505572 ], [ 9.17319788557824, 45.4327095638399 ], [ 9.173152623443961, 45.432623852107305 ], [ 9.173142657013566, 45.432625577389416 ], [ 9.173117595229701, 45.432582140121035 ], [ 9.17304845296731, 45.432463070484815 ], [ 9.172933801212556, 45.432260719643089 ], [ 9.172787673406138, 45.432007200096372 ], [ 9.172666874598326, 45.431800717756985 ], [ 9.172659705434082, 45.431797398175561 ], [ 9.172517476539481, 45.431564034786916 ], [ 9.172397060994687, 45.431356831482489 ], [ 9.172267498755231, 45.431126239016834 ], [ 9.172065594766465, 45.430773700596696 ], [ 9.171911868505987, 45.430499128769583 ], [ 9.171775759494198, 45.430258284318235 ], [ 9.171649563345193, 45.43004001753021 ], [ 9.171545988562807, 45.429861861492974 ], [ 9.171411442496231, 45.429629565261457 ], [ 9.171299765643026, 45.42943485913969 ], [ 9.17117176204466, 45.429209483646005 ], [ 9.171063821698276, 45.429023952790644 ], [ 9.170921025361512, 45.428767455376992 ], [ 9.170783138882536, 45.428527872475478 ], [ 9.170634836665013, 45.428267512433443 ], [ 9.170516615483979, 45.42806273404711 ], [ 9.170380270192723, 45.427824408484781 ], [ 9.170261298462467, 45.427624491519111 ], [ 9.170119309473989, 45.427379063168821 ], [ 9.170022054960279, 45.427216558153383 ], [ 9.169891358112716, 45.427027549507301 ], [ 9.169804134480882, 45.426884741774771 ], [ 9.169719969480333, 45.426738689046992 ], [ 9.169689265883948, 45.426687698439025 ], [ 9.16960880750757, 45.426712390654885 ], [ 9.169627054107497, 45.42674413743223 ], [ 9.169647749932391, 45.426739966259561 ], [ 9.169677175234723, 45.426790958773353 ], [ 9.169751316510377, 45.426919294268089 ], [ 9.169795138019438, 45.426996728576327 ], [ 9.169916102729809, 45.427180171112155 ], [ 9.169955284522166, 45.427244830708474 ], [ 9.170073599575096, 45.427439528355109 ], [ 9.170111496680407, 45.427501939533798 ], [ 9.170194515245544, 45.427648623734051 ], [ 9.170389798083235, 45.427974892358435 ], [ 9.170496199964067, 45.428160336165838 ], [ 9.170586664512282, 45.428316910158976 ], [ 9.170594374749779, 45.428330310274923 ], [ 9.170635632662027, 45.428404687695839 ], [ 9.170643588030801, 45.428414577021876 ], [ 9.170721059441501, 45.428543626971802 ], [ 9.170863452647334, 45.42879409452464 ], [ 9.171022034722094, 45.429071270901346 ], [ 9.171170072946657, 45.429327580313881 ], [ 9.171307704903048, 45.429566352998783 ], [ 9.171449464925519, 45.429817090756352 ], [ 9.171442378217892, 45.429840954226364 ], [ 9.171411540759582, 45.429873674325457 ], [ 9.17122761984975, 45.429927686066904 ], [ 9.171243440878399, 45.429959886250906 ], [ 9.171349713436673, 45.429931013757155 ], [ 9.171430053494491, 45.429908210732464 ], [ 9.171512427197527, 45.429923839201813 ], [ 9.171969183360039, 45.430724429599834 ], [ 9.171983065645364, 45.43074943172963 ], [ 9.171998489905844, 45.430777041852132 ], [ 9.172006072703407, 45.430790352047786 ], [ 9.172658324637641, 45.43193178629015 ], [ 9.172624401111532, 45.432000785686874 ], [ 9.172947121230715, 45.432562325468574 ], [ 9.172989245092529, 45.432625179302825 ], [ 9.173008556388147, 45.432669435388661 ], [ 9.1730954527922, 45.432825112558014 ], [ 9.173130674082284, 45.432888156798292 ], [ 9.173288251628575, 45.433163891178395 ], [ 9.173387075846591, 45.433331611487233 ], [ 9.173397463695336, 45.433384071995491 ], [ 9.173544174749809, 45.433366477552291 ] ] ] ] } },
{ "type": "Feature", "properties": { "id_amat": 1109, "tipo": "AP", "nome": "VIA EMILIO GOLA", "gruppo_id": "0", "ordinanza": "29/06/2022 (delimitazione area pedonale)", "deroghe": "carico e scarico merci (feriali dalle 5:00 alle 8:00 e dalle 14:00 alle 16:00), velocipedi, taxi, residenti e domiciliati, possessori di box", "val_inizio": "2022-06-23 00:00:00+02", "val_fine": "2050-01-01 00:00:00+01", "delibera": "1152/2012", "tratto": "via Gola tra Alzaia Naviglio Pavese e via Pichi", "note": null, "cartello": "AP", "dissuasori": "Pilomat", "name": "Municipio 6", "ANNO": 2022, "area": 2122.775 }, "geometry": { "type": "MultiPolygon", "coordinates": [ [ [ [ 9.177104279251436, 45.448977771120155 ], [ 9.177070858744433, 45.448840826901375 ], [ 9.176907425828297, 45.44883963948682 ], [ 9.176800388634664, 45.448838814780551 ], [ 9.176624167622457, 45.448837556705506 ], [ 9.176443218482916, 45.448837385773885 ], [ 9.176037969752935, 45.44883719975094 ], [ 9.176037842713042, 45.448837469977761 ], [ 9.176037715673143, 45.448837740204588 ], [ 9.176037460754983, 45.448838010628108 ], [ 9.176037077958556, 45.448838281248335 ], [ 9.176036694603217, 45.448838371848467 ], [ 9.176036311527326, 45.448838552458653 ], [ 9.17593362444131, 45.44883844033258 ], [ 9.175836947913105, 45.448838408889969 ], [ 9.1758364361209, 45.448838319665832 ], [ 9.175836052206961, 45.448838230245222 ], [ 9.175835668013892, 45.448838050814558 ], [ 9.175835411419957, 45.448837781177367 ], [ 9.175835154826025, 45.448837511540219 ], [ 9.175835153430354, 45.448837061489989 ], [ 9.17530036290041, 45.448836711765679 ], [ 9.175302379031358, 45.448868392362655 ], [ 9.175306828609305, 45.448942644183454 ], [ 9.175306956487812, 45.448942643987579 ], [ 9.175308839738458, 45.448972704599029 ], [ 9.17558966359309, 45.448973084178206 ], [ 9.175819719377042, 45.448973451062081 ], [ 9.175973817525591, 45.448974654386731 ], [ 9.17608046993311, 45.448975030407247 ], [ 9.1761542569888, 45.448975276898814 ], [ 9.176338401294602, 45.448974723281296 ], [ 9.176405665143129, 45.448974529609053 ], [ 9.176810792308261, 45.448976424714211 ], [ 9.176992255372827, 45.448977224342016 ], [ 9.177104279251436, 45.448977771120155 ] ] ] ] } },
{ "type": "Feature", "properties": { "id_amat": 1111, "tipo": "AP", "nome": "Ripa di Porta Ticinese tra via Paoli e via Valenza e controviale sud", "gruppo_id": "0", "ordinanza": "791/2022", "deroghe": "residenti e domiciliati, possessori di box o posto auto, taxi, invaliidi, velocipedi", "val_inizio": "2022-06-30 00:00:00+02", "val_fine": null, "delibera": null, "tratto": "Ripa di Porta Ticinese tra via Paoli e via Valenza e controviale sud", "note": null, "cartello": "AP", "dissuasori": null, "name": "Municipio 6", "ANNO": 2022, "area": 7606.859 }, "geometry": { "type": "MultiPolygon", "coordinates": [ [ [ [ 9.171432437029233, 45.451002551754527 ], [ 9.171508035971502, 45.450924489454316 ], [ 9.171506628169308, 45.450924131522235 ], [ 9.171505356145895, 45.450926383689307 ], [ 9.1715065002863, 45.450924131713876 ], [ 9.171497146041041, 45.450917935010949 ], [ 9.171339367025041, 45.450885317515251 ], [ 9.171311599025319, 45.450879598414282 ], [ 9.171056954801498, 45.450827863243084 ], [ 9.171021764769996, 45.450820534976359 ], [ 9.170686244767953, 45.450750827702436 ], [ 9.170395766186669, 45.450689693395624 ], [ 9.170140094648222, 45.450635977478562 ], [ 9.169995751583139, 45.450605588412273 ], [ 9.16972331557322, 45.450547665969779 ], [ 9.169678527722679, 45.450538011249733 ], [ 9.169602771950366, 45.450521561612696 ], [ 9.169549923262734, 45.450510478619819 ], [ 9.169550178219449, 45.450510208210787 ], [ 9.169530728569885, 45.450506366572746 ], [ 9.169211843889725, 45.45043897059395 ], [ 9.16912692393103, 45.450394090888921 ], [ 9.16891227517044, 45.450287385452356 ], [ 9.168779723479973, 45.450222323423006 ], [ 9.168583393276716, 45.450125761531019 ], [ 9.168346448232661, 45.450003246025688 ], [ 9.168345937510557, 45.450003516808238 ], [ 9.168345554402174, 45.450003697392653 ], [ 9.168345171026555, 45.450003787966963 ], [ 9.168344659502752, 45.450003788719357 ], [ 9.168344147711716, 45.450003699461661 ], [ 9.168343763801632, 45.450003610015877 ], [ 9.168220044146873, 45.449940874614796 ], [ 9.168067001586589, 45.449908335642533 ], [ 9.168066617410803, 45.449908156185757 ], [ 9.168066105354283, 45.449907976916755 ], [ 9.168065976673185, 45.449907707074352 ], [ 9.168065720111354, 45.449907437419725 ], [ 9.168065591163472, 45.449907077567268 ], [ 9.168065717977059, 45.449906717339253 ], [ 9.168059192058013, 45.449905376764953 ], [ 9.168057400660693, 45.449905019353523 ], [ 9.167753369374593, 45.449842368039533 ], [ 9.16774994668874, 45.449852544237217 ], [ 9.167650788649313, 45.449835587537812 ], [ 9.167588232435575, 45.449828028262594 ], [ 9.167552412846597, 45.449823670192579 ], [ 9.167540131792734, 45.44982215799255 ], [ 9.167547424973259, 45.449823497473339 ], [ 9.167601925499129, 45.449831338598855 ], [ 9.167602437287442, 45.449831427859863 ], [ 9.167633415517949, 45.449841913715851 ], [ 9.167650944207027, 45.449844948397107 ], [ 9.167677423741694, 45.449847699931631 ], [ 9.167725007839225, 45.449851860702189 ], [ 9.167725519361671, 45.449851859952595 ], [ 9.167726031150364, 45.449851949213055 ], [ 9.167726415324694, 45.449852128670976 ], [ 9.16772679923278, 45.449852218118842 ], [ 9.167727055526496, 45.449852397764182 ], [ 9.167727311820219, 45.44985257740948 ], [ 9.167727568113945, 45.449852757054806 ], [ 9.167727824673918, 45.449853026710194 ], [ 9.167727953087024, 45.449853206542933 ], [ 9.167728209913252, 45.449853566208375 ], [ 9.167728338592617, 45.449853836051155 ], [ 9.167728467538232, 45.44985419590401 ], [ 9.16772846833698, 45.449854465934195 ], [ 9.167728469135731, 45.449854735964387 ], [ 9.167728469934479, 45.449855005994564 ], [ 9.167728342852611, 45.449855276212148 ], [ 9.16772821577074, 45.449855546429745 ], [ 9.167727960541997, 45.449855726824687 ], [ 9.167727833460125, 45.449855997042263 ], [ 9.16772757823138, 45.449856177437198 ], [ 9.167727323268879, 45.449856447842187 ], [ 9.167727068040131, 45.449856628237114 ], [ 9.167726812545133, 45.449856718621987 ], [ 9.167726429435758, 45.44985689920432 ], [ 9.167726173940761, 45.449856989589172 ], [ 9.167725662684511, 45.449857080348828 ], [ 9.167725407189508, 45.449857170733694 ], [ 9.167725023547638, 45.449857171295896 ], [ 9.167724639905767, 45.449857171858092 ], [ 9.167724256263897, 45.449857172420288 ], [ 9.16767628878628, 45.449853102221532 ], [ 9.167649553221796, 45.449850261051317 ], [ 9.167631000954142, 45.449847047848088 ], [ 9.167630488899546, 45.449846868577133 ], [ 9.167599766694067, 45.449836472355905 ], [ 9.167545906098265, 45.449828810313527 ], [ 9.167537205433122, 45.44982720286152 ], [ 9.167477708805995, 45.449816398670826 ], [ 9.167477325164397, 45.449816399232191 ], [ 9.167476813376412, 45.449816309970593 ], [ 9.167476557349497, 45.449816220334775 ], [ 9.167476045827367, 45.44981622108326 ], [ 9.167462996696479, 45.449814439967454 ], [ 9.167275721981182, 45.449795181551856 ], [ 9.167275338074193, 45.449795092102477 ], [ 9.167274954167203, 45.449795002653097 ], [ 9.167274570260219, 45.449794913203718 ], [ 9.167274313968191, 45.449794733557368 ], [ 9.167273929795684, 45.449794554097927 ], [ 9.167273673503663, 45.449794374451578 ], [ 9.167273417211643, 45.449794194805243 ], [ 9.167273160919626, 45.449794015158886 ], [ 9.167273032242564, 45.449793745315596 ], [ 9.167272903831034, 45.449793565482338 ], [ 9.167272647273492, 45.44979329582592 ], [ 9.167272646476922, 45.449793025795735 ], [ 9.167272645680351, 45.449792755765543 ], [ 9.167272644883781, 45.449792485735337 ], [ 9.167272643556155, 45.449792035684993 ], [ 9.167220449739585, 45.449785811220423 ], [ 9.167219667592159, 45.449780771777718 ], [ 9.16705080201552, 45.449759505866112 ], [ 9.166726886549238, 45.449718393336838 ], [ 9.166726631847226, 45.44971875374965 ], [ 9.166726377145212, 45.449719114162512 ], [ 9.166725994033564, 45.449719294741492 ], [ 9.166725610657261, 45.449719385310402 ], [ 9.166725227280956, 45.449719475879292 ], [ 9.166724843639999, 45.449719476438148 ], [ 9.16668787564403, 45.449715929863892 ], [ 9.166687620677187, 45.449716200266565 ], [ 9.166687237565435, 45.449716380845395 ], [ 9.166686726573369, 45.449716561610508 ], [ 9.166686471341926, 45.449716742003098 ], [ 9.166686087965575, 45.44971683257188 ], [ 9.166685704324635, 45.449716833130587 ], [ 9.166685320948286, 45.449716923699356 ], [ 9.166684937307348, 45.449716924258055 ], [ 9.166684553666405, 45.449716924816762 ], [ 9.166684297641192, 45.449716835179146 ], [ 9.166683786119942, 45.449716835924093 ], [ 9.166683530094724, 45.449716746286484 ], [ 9.166683145924612, 45.449716566825039 ], [ 9.166682761754505, 45.449716387363594 ], [ 9.166682505464712, 45.449716207715923 ], [ 9.166682121294604, 45.449716028254464 ], [ 9.166681864740232, 45.449715758596724 ], [ 9.16668160818586, 45.449715488938985 ], [ 9.166681351631492, 45.449715219281224 ], [ 9.166484358342393, 45.44969588371 ], [ 9.166483846292783, 45.449695704433871 ], [ 9.166483462123443, 45.449695524971766 ], [ 9.166483205834382, 45.449695345323633 ], [ 9.166482949016775, 45.44969498565537 ], [ 9.166482948488245, 45.449694805635239 ], [ 9.16648294716691, 45.449694355584874 ], [ 9.166416296453999, 45.449685901518656 ], [ 9.166416042278472, 45.449686441950966 ], [ 9.166415787046299, 45.449686622342959 ], [ 9.166415531814124, 45.449686802734973 ], [ 9.166415148701706, 45.449686983312915 ], [ 9.166414765325117, 45.449687073880774 ], [ 9.166414253804124, 45.449687074624492 ], [ 9.166327645873583, 45.449675949207801 ], [ 9.166325222485732, 45.449678112980379 ], [ 9.166320998478065, 45.449676768961631 ], [ 9.166269399529254, 45.449698896491469 ], [ 9.166247128676863, 45.449735833128223 ], [ 9.16620599058729, 45.44979295950121 ], [ 9.166244376636515, 45.449800374621255 ], [ 9.166344441770326, 45.44982156171465 ], [ 9.166362197889496, 45.44981496514459 ], [ 9.166462511983973, 45.449833811500845 ], [ 9.166497824731319, 45.449839790838077 ], [ 9.166901165841958, 45.449928043712085 ], [ 9.167059568443603, 45.449957066015294 ], [ 9.167307433003558, 45.450010710235446 ], [ 9.167612757350994, 45.450078041384302 ], [ 9.167682498345846, 45.450093421029067 ], [ 9.167723318793248, 45.450102272252373 ], [ 9.167725607608313, 45.450097858386286 ], [ 9.167729686492976, 45.45009335188648 ], [ 9.167732876865434, 45.450091096949841 ], [ 9.167737595154742, 45.450086589512665 ], [ 9.167741680694453, 45.450084333263867 ], [ 9.167745890387069, 45.450080816686707 ], [ 9.167752019094838, 45.450077567328101 ], [ 9.167756871920028, 45.450075309954194 ], [ 9.167762364150384, 45.450073051642867 ], [ 9.167768368969991, 45.450071152621732 ], [ 9.167773352071983, 45.450069705150199 ], [ 9.167780765713637, 45.450068524146886 ], [ 9.167787159768675, 45.450068514773605 ], [ 9.167793553823717, 45.450068505399983 ], [ 9.167799947878752, 45.450068496025985 ], [ 9.167806341933783, 45.450068486651645 ], [ 9.167812735988811, 45.45006847727695 ], [ 9.16781670030293, 45.450068471464462 ], [ 9.167853550043629, 45.450075168212337 ], [ 9.167888609457194, 45.450081867574482 ], [ 9.167896864162408, 45.450062413208641 ], [ 9.167899406325763, 45.450057188873366 ], [ 9.167904269538035, 45.450058441885503 ], [ 9.167909004869433, 45.450059695085017 ], [ 9.167913868082129, 45.450060948096727 ], [ 9.167918603147397, 45.450062111285796 ], [ 9.167923466360511, 45.450063364297101 ], [ 9.167928201426179, 45.450064527485758 ], [ 9.167932552848756, 45.450065691237128 ], [ 9.167933064639708, 45.450065780496679 ], [ 9.167937927853458, 45.450067033507345 ], [ 9.167942918948517, 45.450068286330186 ], [ 9.167937331367998, 45.450081526064949 ], [ 9.167940559587171, 45.450092052550787 ], [ 9.167958984071461, 45.450095265891122 ], [ 9.167968501834183, 45.450070499050113 ], [ 9.167969653297392, 45.450070677381184 ], [ 9.167974515979077, 45.450071750370178 ], [ 9.16797937866095, 45.450072823358994 ], [ 9.167984241076349, 45.450073806337521 ], [ 9.167989103758579, 45.450074879325932 ], [ 9.167994094055436, 45.450075862116321 ], [ 9.167998956738034, 45.450076935104306 ], [ 9.168003947301928, 45.450078007904352 ], [ 9.168008809718193, 45.450078990881828 ], [ 9.168010985030792, 45.450079437740925 ], [ 9.168002234038887, 45.450104023439046 ], [ 9.168035887061411, 45.450110814830765 ], [ 9.168042281121144, 45.450110805443195 ], [ 9.168054180741503, 45.450113038232807 ], [ 9.168066208244003, 45.450115270833415 ], [ 9.168072736855432, 45.450117511507806 ], [ 9.168078242417659, 45.450119753684149 ], [ 9.168083875861544, 45.450121995672482 ], [ 9.168088614137298, 45.450124238975157 ], [ 9.16809348029466, 45.450126482089807 ], [ 9.168103091400504, 45.450133218757777 ], [ 9.16810808810903, 45.450136361784544 ], [ 9.168111807339821, 45.450139956739733 ], [ 9.168115017714687, 45.450144452546702 ], [ 9.168119123259025, 45.450148947038691 ], [ 9.168121431794013, 45.450151193908937 ], [ 9.168124642170284, 45.450155689715636 ], [ 9.168127085259233, 45.450160186649335 ], [ 9.168129528348567, 45.450164683582948 ], [ 9.168131204150336, 45.450169181643666 ], [ 9.168132752071035, 45.450173679892188 ], [ 9.168140112838428, 45.450197791879098 ], [ 9.16814335845134, 45.450214169012526 ], [ 9.168144255222824, 45.450214707757759 ], [ 9.16809895424322, 45.450204333088067 ], [ 9.168038488525093, 45.450298212763208 ], [ 9.168747135150182, 45.45044442724403 ], [ 9.168826470999543, 45.450460782157492 ], [ 9.169513627768538, 45.450603783200002 ], [ 9.169964569096384, 45.450697895424902 ], [ 9.171022054729669, 45.450916665690066 ], [ 9.171275806315105, 45.45096912235757 ], [ 9.171281180668784, 45.450970194439918 ], [ 9.171281820356274, 45.450970283493056 ], [ 9.171316880999459, 45.450977071810534 ], [ 9.171358728434898, 45.450986820300415 ], [ 9.171399166448808, 45.45099567078136 ], [ 9.171406332532325, 45.450997190226722 ], [ 9.171430005887931, 45.451002105343889 ], [ 9.171432437029233, 45.451002551754527 ] ] ] ] } }
]
}
